FileID,Word Num,Normalized,Language,w/n/naw,Element
anun0005,1,ישראל,arc,w,"<w xml:id=""anun0005-1"" xml:lang=""arc"">ישראל</w>"
anun0006,1,דוסת,arc,w,"<w xml:id=""anun0006-1"" xml:lang=""arc"">דוסת</w>"
anun0006,2,ס,arc,w,"<w xml:id=""anun0006-2"" xml:lang=""arc"">ס</w>"
anun0006,3,בר,arc,w,"<w xml:id=""anun0006-3"" xml:lang=""arc"">בר</w>"
anun0006,4,חוניה,arc,w,"<w xml:id=""anun0006-4"" xml:lang=""arc"">חוניה</w>"
ashk0017,1,כלחדוחד,arc,w,"<w xml:id=""ashk0017-1"" xml:lang=""arc"">כלחדוחד</w>"
ashk0017,2,דשמיהו,arc,w,"<w xml:id=""ashk0017-2"" xml:lang=""arc"">דשמיהו</w>"
ashk0017,3,שתלמ,arc,w,"<w xml:id=""ashk0017-3"" xml:lang=""arc"">שתלמ</w>"
balf0002,1,טלא,arc,w,"<w xml:id=""balf0002-1"" xml:lang=""arc"">טלא</w>"
balf0002,2,שור,arc,w,"<w xml:id=""balf0002-2"" xml:lang=""arc"">שור</w>"
balf0002,3,תאומים,arc,w,"<w xml:id=""balf0002-3"" xml:lang=""arc"">תאומים</w>"
balf0002,4,סרטן,arc,w,"<w xml:id=""balf0002-4"" xml:lang=""arc"">סרטן</w>"
balf0002,5,ארייה,arc,w,"<w xml:id=""balf0002-5"" xml:lang=""arc"">ארייה</w>"
balf0002,6,בתולה,arc,w,"<w xml:id=""balf0002-6"" xml:lang=""arc"">בתולה</w>"
balf0002,7,מאוזנים,arc,w,"<w xml:id=""balf0002-7"" xml:lang=""arc"">מאוזנים</w>"
balf0002,8,עקרב,arc,w,"<w xml:id=""balf0002-8"" xml:lang=""arc"">עקרב</w>"
balf0002,9,קשת,arc,w,"<w xml:id=""balf0002-9"" xml:lang=""arc"">קשת</w>"
balf0002,10,גדי,arc,w,"<w xml:id=""balf0002-10"" xml:lang=""arc""><supplied reason=""lost"">גדי</supplied></w>"
balf0002,11,ודלי,arc,w,"<w xml:id=""balf0002-11"" xml:lang=""arc"">ודלי</w>"
balf0002,12,ודגים,arc,w,"<w xml:id=""balf0002-12"" xml:lang=""arc"">ודגים</w>"
balf0002,13,תקופת,arc,w,"<w xml:id=""balf0002-13"" xml:lang=""arc"">תקופת</w>"
balf0002,14,ניסן,arc,w,"<w xml:id=""balf0002-14"" xml:lang=""arc"">ניסן</w>"
balf0002,15,תקופת,arc,w,"<w xml:id=""balf0002-15"" xml:lang=""arc"">תקופת</w>"
balf0002,16,תמוז,arc,w,"<w xml:id=""balf0002-16"" xml:lang=""arc"">תמוז</w>"
balf0002,17,תקופת,arc,w,"<w xml:id=""balf0002-17"" xml:lang=""arc"">תקופת</w>"
balf0002,18,תשרי,arc,w,"<w xml:id=""balf0002-18"" xml:lang=""arc"">תשרי</w>"
balf0002,19,תקופת,arc,w,"<w xml:id=""balf0002-19"" xml:lang=""arc"">תקופת</w>"
balf0002,20,טבת,arc,w,"<w xml:id=""balf0002-20"" xml:lang=""arc"">טבת</w>"
bguv0105,1,דכיר,arc,w,"<w xml:id=""bguv0105-1"" xml:lang=""arc"">דכיר</w>"
bguv0105,2,לטב,arc,w,"<w xml:id=""bguv0105-2"" xml:lang=""arc"">לטב</w>"
bguv0105,3,קוריס,arc,w,"<w xml:id=""bguv0105-3"" xml:lang=""arc"">קוריס</w>"
bguv0105,4,שימעיי,arc,w,"<w xml:id=""bguv0105-4"" xml:lang=""arc"">שימעיי</w>"
bguv0105,5,ניח,arc,w,"<w xml:id=""bguv0105-5"" xml:lang=""arc"">ניח</w>"
bguv0105,6,נפש,arc,w,"<w xml:id=""bguv0105-6"" xml:lang=""arc"">נפש</w>"
bguv0105,7,בר,arc,w,"<w xml:id=""bguv0105-7"" xml:lang=""arc"">בר</w>"
bguv0105,8,אוכסנטיס,arc,w,"<w xml:id=""bguv0105-8"" xml:lang=""arc"">אוכסנטיס</w>"
bguv0105,9,דזבן,arc,w,"<w xml:id=""bguv0105-9"" xml:lang=""arc"">דזבן</w>"
bguv0105,10,הדין,arc,w,"<w xml:id=""bguv0105-10"" xml:lang=""arc"">הדין</w>"
bguv0105,11,עמודא,arc,w,"<w xml:id=""bguv0105-11"" xml:lang=""arc"">עמודא</w>"
bguv0105,12,ליקרה,arc,w,"<w xml:id=""bguv0105-12"" xml:lang=""arc"">ליקרה</w>"
bguv0105,13,דכנישתא,arc,w,"<w xml:id=""bguv0105-13"" xml:lang=""arc"">דכנישתא</w>"
bguv0105,14,שלום,arc,w,"<w xml:id=""bguv0105-14"" xml:lang=""arc"">שלום</w>"
bleh0005,1,יהוה,arc,w,"<w xml:id=""bleh0005-1"" xml:lang=""arc"">יהוה</w>"
bleh0005,2,גיבור,arc,w,"<w xml:id=""bleh0005-2"" xml:lang=""arc"">גיבור</w>"
bleh0005,3,במלחמה,arc,w,"<w xml:id=""bleh0005-3"" xml:lang=""arc"">במלחמה</w>"
bleh0005,4,יהוה,arc,w,"<w xml:id=""bleh0005-4"" xml:lang=""arc"">יהוה</w>"
bleh0005,5,שמו,arc,w,"<w xml:id=""bleh0005-5"" xml:lang=""arc"">שמו</w>"
bleh0005,6,יהוה,arc,w,"<w xml:id=""bleh0005-6"" xml:lang=""arc"">יהוה</w>"
bleh0005,7,נחיתו,arc,w,"<w xml:id=""bleh0005-7"" xml:lang=""arc"">נחיתו</w>"
bleh0005,8,בא,arc,w,"<w xml:id=""bleh0005-8"" xml:lang=""arc"">בא</w>"
bleh0005,9,ברוך,arc,w,"<w xml:id=""bleh0005-9"" xml:lang=""arc"">ברוך</w>"
bleh0005,10,יהוה,arc,w,"<w xml:id=""bleh0005-10"" xml:lang=""arc"">יהוה</w>"
bleh0005,11,אין,arc,w,"<w xml:id=""bleh0005-11"" xml:lang=""arc"">אין</w>"
bleh0005,12,כאל,arc,w,"<w xml:id=""bleh0005-12"" xml:lang=""arc"">כאל</w>"
bleh0005,13,ישרון,arc,w,"<w xml:id=""bleh0005-13"" xml:lang=""arc"">ישרון</w>"
bleh0030,1,לשם,arc,w,"<w xml:id=""bleh0030-1"" xml:lang=""arc"">לשם</w>"
bleh0030,2,מרתין,arc,w,"<w xml:id=""bleh0030-2"" xml:lang=""arc"">מרתין</w>"
bleh0030,3,ברתה,arc,w,"<w xml:id=""bleh0030-3"" xml:lang=""arc"">ברתה</w>"
bleh0030,4,דקוראל,arc,w,"<w xml:id=""bleh0030-4"" xml:lang=""arc"">דקוראל</w>"
bleh0030,5,משבע,arc,w,"<w xml:id=""bleh0030-5"" xml:lang=""arc"">משבע</w>"
bleh0030,6,אנה,arc,w,"<w xml:id=""bleh0030-6"" xml:lang=""arc"">אנה</w>"
bleh0030,7,על,arc,w,"<w xml:id=""bleh0030-7"" xml:lang=""arc"">על</w>"
bleh0030,8,מרתין,arc,w,"<w xml:id=""bleh0030-8"" xml:lang=""arc"">מרתין</w>"
bleh0030,9,ברתה,arc,w,"<w xml:id=""bleh0030-9"" xml:lang=""arc"">ברתה</w>"
bleh0030,10,דקורלא,arc,w,"<w xml:id=""bleh0030-10"" xml:lang=""arc"">דקורלא</w>"
bleh0030,11,בשם,arc,w,"<w xml:id=""bleh0030-11"" xml:lang=""arc"">בשם</w>"
bleh0030,12,אגירת,arc,w,"<w xml:id=""bleh0030-12"" xml:lang=""arc"">אגירת</w>"
bleh0030,13,מרתי,arc,w,"<w xml:id=""bleh0030-13"" xml:lang=""arc"">מרתי</w>"
bleh0030,14,פ,arc,w,"<w xml:id=""bleh0030-14"" xml:lang=""arc"">פ</w>"
bleh0030,15,ללא,arc,w,"<w xml:id=""bleh0030-15"" xml:lang=""arc"">ללא</w>"
bleh0030,16,ויבך,arc,w,"<w xml:id=""bleh0030-16"" xml:lang=""arc"">ויבך</w>"
bleh0030,17,(four,arc,w,"<w xml:id=""bleh0030-17"" xml:lang=""arc"">(four</w>"
bleh0030,18,lines,arc,w,"<w xml:id=""bleh0030-18"" xml:lang=""arc"">lines</w>"
bleh0030,19,of,arc,w,"<w xml:id=""bleh0030-19"" xml:lang=""arc"">of</w>"
bleh0030,20,magic,arc,w,"<w xml:id=""bleh0030-20"" xml:lang=""arc"">magic</w>"
bleh0030,21,characters),arc,w,"<w xml:id=""bleh0030-21"" xml:lang=""arc"">characters)</w>"
bleh0030,22,(magic,arc,w,"<w xml:id=""bleh0030-22"" xml:lang=""arc"">(magic</w>"
bleh0030,23,characters),arc,w,"<w xml:id=""bleh0030-23"" xml:lang=""arc"">characters)</w>"
bleh0030,24,נחרב,arc,w,"<w xml:id=""bleh0030-24"" xml:lang=""arc"">נחרב</w>"
bleh0030,25,אנ,arc,w,"<w xml:id=""bleh0030-25"" xml:lang=""arc"">אנ<surplus>ה</surplus></w>"
bleh0030,26,סטרסוק,arc,w,"<w xml:id=""bleh0030-26"" xml:lang=""arc"">סטרסוק</w>"
bleh0030,27,שאפתי,arc,w,"<w xml:id=""bleh0030-27"" xml:lang=""arc"">שאפתי</w>"
bleh0030,28,נקימנס,arc,w,"<w xml:id=""bleh0030-28"" xml:lang=""arc"">נקימנס</w>"
bleh0030,29,וסקאי,arc,w,"<w xml:id=""bleh0030-29"" xml:lang=""arc"">וסקאי</w>"
bleh0030,30,חטרב,arc,w,"<w xml:id=""bleh0030-30"" xml:lang=""arc"">חטרב</w>"
bleh0030,31,איתה,arc,w,"<w xml:id=""bleh0030-31"" xml:lang=""arc"">איתה</w>"
bleh0030,32,ניחה,arc,w,"<w xml:id=""bleh0030-32"" xml:lang=""arc"">ניחה</w>"
bleh0030,33,שלום,arc,w,"<w xml:id=""bleh0030-33"" xml:lang=""arc"">שלום</w>"
bshm0001,1,לוי,arc,w,"<w xml:id=""bshm0001-1"" xml:lang=""arc"">לוי</w>"
bshm0001,2,בר,arc,w,"<w xml:id=""bshm0001-2"" xml:lang=""arc"">בר</w>"
bshm0001,3,מנשה,arc,w,"<w xml:id=""bshm0001-3"" xml:lang=""arc"">מנשה</w>"
bshm0001,4,בגפיה,arc,w,"<w xml:id=""bshm0001-4"" xml:lang=""arc"">בגפיה</w>"
eing0006,1,ן,arc,naw,"<orig xml:id=""eing0006-1"" xml:lang=""arc"">ן</orig>"
eing0006,2,אביה,arc,naw,"<orig xml:id=""eing0006-2"" xml:lang=""arc"">אביה</orig>"
emma0012,1,ופסה,arc,w,"<w xml:id=""emma0012-1"" xml:lang=""arc""><supplied reason=""lost"">ופ</supplied>סה</w>"
emma0012,2,יהוה,arc,w,"<w xml:id=""emma0012-2"" xml:lang=""arc"">יהוה</w>"
emma0012,3,על,arc,w,"<w xml:id=""emma0012-3"" xml:lang=""arc"">על</w>"
emma0012,4,פתח,arc,w,"<w xml:id=""emma0012-4"" xml:lang=""arc"">פתח</w>"
emma0012,5,ולא,arc,w,"<w xml:id=""emma0012-5"" xml:lang=""arc"">ולא</w>"
emma0012,6,יתן,arc,w,"<w xml:id=""emma0012-6"" xml:lang=""arc"">יתן</w>"
emma0012,7,המשית,arc,w,"<w xml:id=""emma0012-7"" xml:lang=""arc"">המשית</w>"
emma0012,8,לבא,arc,w,"<w xml:id=""emma0012-8"" xml:lang=""arc"">לבא</w>"
esht0003,1,תה,arc,naw,"<orig xml:id=""esht0003-1"" xml:lang=""arc"">תה</orig>"
esht0003,2,אמן,arc,w,"<w xml:id=""esht0003-2"" xml:lang=""arc"">אמן</w>"
esht0003,3,אל,arc,naw,"<orig xml:id=""esht0003-3"" xml:lang=""arc"">אל</orig>"
esht0003,4,אסיי,arc,w,"<w xml:id=""esht0003-4"" xml:lang=""arc"">אסיי</w>"
esht0003,5,אתן,arc,naw,"<orig xml:id=""esht0003-5"" xml:lang=""arc"">אתן</orig>"
esin0001,1,חנניה,arc,w,"<w xml:id=""esin0001-1"" xml:lang=""arc"">חנניה</w>"
esin0001,2,בר,arc,w,"<w xml:id=""esin0001-2"" xml:lang=""arc"">בר</w>"
esin0001,3,אלעזר,arc,w,"<w xml:id=""esin0001-3"" xml:lang=""arc"">אלעזר</w>"
esin0001,4,בר,arc,w,"<w xml:id=""esin0001-4"" xml:lang=""arc"">בר</w>"
gabe0001,1,בר,arc,w,"<w xml:id=""gabe0001-1"" xml:lang=""arc"">בר</w>"
gabe0001,2,חדו,arc,w,"<w xml:id=""gabe0001-2"" xml:lang=""arc"">חדו</w>"
geze0009,1,בראשית,arc,w,"<w xml:id=""geze0009-1"" xml:lang=""arc"">בראשית</w>"
geze0009,2,ברא,arc,w,"<w xml:id=""geze0009-2"" xml:lang=""arc"">ברא</w>"
geze0009,3,אלהים,arc,w,"<w xml:id=""geze0009-3"" xml:lang=""arc"">אלהים</w>"
geze0009,4,אנכי,arc,w,"<w xml:id=""geze0009-4"" xml:lang=""arc"">אנכי</w>"
geze0009,5,יהוה,arc,w,"<w xml:id=""geze0009-5"" xml:lang=""arc"">יהוה</w>"
geze0009,6,אלהיך,arc,w,"<w xml:id=""geze0009-6"" xml:lang=""arc"">אלהיך</w>"
geze0009,7,אלהים,arc,w,"<w xml:id=""geze0009-7"" xml:lang=""arc"">אלהים</w>"
geze0009,8,אחרים,arc,w,"<w xml:id=""geze0009-8"" xml:lang=""arc"">אחרים</w>"
geze0009,9,לא,arc,w,"<w xml:id=""geze0009-9"" xml:lang=""arc"">לא</w>"
geze0009,10,תעשה,arc,w,"<w xml:id=""geze0009-10"" xml:lang=""arc"">תעשה</w>"
geze0009,11,לך,arc,w,"<w xml:id=""geze0009-11"" xml:lang=""arc"">לך</w>"
geze0009,12,פסל,arc,w,"<w xml:id=""geze0009-12"" xml:lang=""arc"">פסל</w>"
geze0009,13,לא,arc,w,"<w xml:id=""geze0009-13"" xml:lang=""arc"">לא</w>"
geze0009,14,תשא,arc,w,"<w xml:id=""geze0009-14"" xml:lang=""arc"">תשא</w>"
geze0009,15,לא,arc,w,"<w xml:id=""geze0009-15"" xml:lang=""arc"">לא</w>"
geze0009,16,תרצא,arc,w,"<w xml:id=""geze0009-16"" xml:lang=""arc"">תרצא</w>"
geze0009,17,לא,arc,w,"<w xml:id=""geze0009-17"" xml:lang=""arc"">לא</w>"
geze0009,18,תנף,arc,w,"<w xml:id=""geze0009-18"" xml:lang=""arc"">תנף</w>"
geze0009,19,לא,arc,w,"<w xml:id=""geze0009-19"" xml:lang=""arc"">לא</w>"
geze0009,20,תגנב,arc,w,"<w xml:id=""geze0009-20"" xml:lang=""arc"">תגנב</w>"
geze0009,21,לא,arc,w,"<w xml:id=""geze0009-21"" xml:lang=""arc"">לא</w>"
geze0009,22,תענה,arc,w,"<w xml:id=""geze0009-22"" xml:lang=""arc"">תענה</w>"
geze0009,23,לא,arc,w,"<w xml:id=""geze0009-23"" xml:lang=""arc"">לא</w>"
geze0009,24,תח,arc,w,"<w xml:id=""geze0009-24"" xml:lang=""arc"">תח</w>"
geze0009,25,מ,arc,w,"<w xml:id=""geze0009-25"" xml:lang=""arc"">מ</w>"
geze0010,1,חנין,arc,w,"<w xml:id=""geze0010-1"" xml:lang=""arc"">חנין</w>"
geze0010,2,בר,arc,w,"<w xml:id=""geze0010-2"" xml:lang=""arc"">בר</w>"
geze0010,3,יהוני,arc,w,"<w xml:id=""geze0010-3"" xml:lang=""arc"">יהוני</w>"
geze0011,1,סרו,arc,w,"<w xml:id=""geze0011-1"" xml:lang=""arc"">סרו</w>"
geze0011,2,בר,arc,w,"<w xml:id=""geze0011-2"" xml:lang=""arc"">בר</w>"
geze0011,3,אליעזר,arc,w,"<w xml:id=""geze0011-3"" xml:lang=""arc"">אליעזר</w>"
goph0004,1,יהודה,arc,w,"<w xml:id=""goph0004-1"" xml:lang=""arc"">יהודה</w>"
goph0004,2,בר,arc,w,"<w xml:id=""goph0004-2"" xml:lang=""arc"">בר</w>"
goph0004,3,אלעזר,arc,w,"<w xml:id=""goph0004-3"" xml:lang=""arc"">אלעזר</w>"
hebr0014,1,שפן,arc,w,"<w xml:id=""hebr0014-1"" xml:lang=""arc"">שפן</w>"
hebr0015,1,שפן,arc,w,"<w xml:id=""hebr0015-1"" xml:lang=""arc"">שפ<supplied reason=""lost"">ן</supplied></w>"
hebr0016,1,שפן,arc,w,"<w xml:id=""hebr0016-1"" xml:lang=""arc"">שפן</w>"
hebr0016,2,IIII,arc,n,"<num xml:id=""hebr0016-2"" xml:lang=""arc"" value=""4"">IIII</num>"
hebr0017,1,ינתן,arc,w,"<w xml:id=""hebr0017-1"" xml:lang=""arc"">ינתן</w>"
hero0006,1,הרמא,arc,w,"<w xml:id=""hero0006-1"" xml:lang=""arc"">הרמא</w>"
hero0006,2,חלקא,arc,w,"<w xml:id=""hero0006-2"" xml:lang=""arc"">חלקא</w>"
hero0006,3,דא,arc,w,"<w xml:id=""hero0006-3"" xml:lang=""arc"">ד<supplied reason=""omitted"">א</supplied></w>"
hero0006,4,עד,arc,w,"<w xml:id=""hero0006-4"" xml:lang=""arc"">עד</w>"
hero0006,5,קבלחרך,arc,w,"<w xml:id=""hero0006-5"" xml:lang=""arc"">קבלחרך</w>"
hero0006,6,בא,arc,w,"<w xml:id=""hero0006-6"" xml:lang=""arc"">בא</w>"
hero0006,7,ותוניה,arc,w,"<w xml:id=""hero0006-7"" xml:lang=""arc"">ותוניה</w>"
hero0006,8,די,arc,w,"<w xml:id=""hero0006-8"" xml:lang=""arc"">די</w>"
hero0006,9,עלוהי,arc,w,"<w xml:id=""hero0006-9"" xml:lang=""arc"">עלוהי</w>"
hero0006,10,לית,arc,w,"<w xml:id=""hero0006-10"" xml:lang=""arc""><supplied reason=""lost"">ל</supplied>ית</w>"
hero0006,11,לאנש,arc,w,"<w xml:id=""hero0006-11"" xml:lang=""arc"">לאנש</w>"
hero0006,12,בה,arc,w,"<w xml:id=""hero0006-12"" xml:lang=""arc"">בה</w>"
hero0006,13,דרתא,arc,w,"<w xml:id=""hero0006-13"" xml:lang=""arc"">דרתא</w>"
hero0006,14,תברה,arc,w,"<w xml:id=""hero0006-14"" xml:lang=""arc"">תברה</w>"
hero0007,1,שהד,arc,w,"<w xml:id=""hero0007-1"" xml:lang=""arc"">שהד</w>"
hero0007,2,יעקב,arc,w,"<w xml:id=""hero0007-2"" xml:lang=""arc"">י<supplied reason=""lost"">ע</supplied>קב</w>"
hero0007,3,בר,arc,w,"<w xml:id=""hero0007-3"" xml:lang=""arc"">ב<supplied reason=""lost"">ר</supplied></w>"
hero0007,4,דן,arc,naw,"<orig xml:id=""hero0007-4"" xml:lang=""arc"">דן</orig>"
hero0007,5,ב,arc,naw,"<orig xml:id=""hero0007-5"" xml:lang=""arc"">ב</orig>"
hero0007,6,שטר,arc,w,"<w xml:id=""hero0007-6"" xml:lang=""arc""><supplied reason=""lost"">ש</supplied>טר</w>"
hero0007,7,די,arc,w,"<w xml:id=""hero0007-7"" xml:lang=""arc"">די</w>"
hero0008,1,א,arc,w,"<w xml:id=""hero0008-1"" xml:lang=""arc"">א</w>"
hero0008,2,ב,arc,w,"<w xml:id=""hero0008-2"" xml:lang=""arc"">ב</w>"
hero0008,3,ג,arc,w,"<w xml:id=""hero0008-3"" xml:lang=""arc"">ג</w>"
hero0008,4,ד,arc,w,"<w xml:id=""hero0008-4"" xml:lang=""arc"">ד</w>"
hero0008,5,ה,arc,w,"<w xml:id=""hero0008-5"" xml:lang=""arc"">ה</w>"
hero0008,6,ו,arc,w,"<w xml:id=""hero0008-6"" xml:lang=""arc"">ו</w>"
hero0008,7,ז,arc,w,"<w xml:id=""hero0008-7"" xml:lang=""arc"">ז</w>"
hero0008,8,ח,arc,w,"<w xml:id=""hero0008-8"" xml:lang=""arc"">ח</w>"
hero0008,9,ט,arc,w,"<w xml:id=""hero0008-9"" xml:lang=""arc"">ט</w>"
hero0008,10,בעשרין,arc,w,"<w xml:id=""hero0008-10"" xml:lang=""arc"">בעשרין</w>"
hero0008,11,ותרין,arc,w,"<w xml:id=""hero0008-11"" xml:lang=""arc"">ותרין</w>"
hero0008,12,לאדר,arc,w,"<w xml:id=""hero0008-12"" xml:lang=""arc"">לאדר</w>"
hero0008,13,שנת,arc,w,"<w xml:id=""hero0008-13"" xml:lang=""arc"">שנת</w>"
hero0008,14,עשרין,arc,w,"<w xml:id=""hero0008-14"" xml:lang=""arc"">עשרין</w>"
hero0008,15,ותרוין,arc,w,"<w xml:id=""hero0008-15"" xml:lang=""arc"">ותרוין</w>"
hero0008,16,בירושלים,arc,w,"<w xml:id=""hero0008-16"" xml:lang=""arc"">בירושלים</w>"
jaff0100,1,יהוה,arc,w,"<w xml:id=""jaff0100-1"" xml:lang=""arc"">יהוה</w>"
jaff0100,2,גיבור,arc,w,"<w xml:id=""jaff0100-2"" xml:lang=""arc"">גיבור</w>"
jaff0100,3,כיכול,arc,w,"<w xml:id=""jaff0100-3"" xml:lang=""arc"">כיכול</w>"
jaff0100,4,יהוה,arc,w,"<w xml:id=""jaff0100-4"" xml:lang=""arc"">יהוה</w>"
jaff0100,5,יהוה,arc,w,"<w xml:id=""jaff0100-5"" xml:lang=""arc"">יהוה</w>"
jaff0100,6,קומה,arc,w,"<w xml:id=""jaff0100-6"" xml:lang=""arc"">קומה</w>"
jaff0100,7,יהוה,arc,w,"<w xml:id=""jaff0100-7"" xml:lang=""arc"">יהוה</w>"
jaff0100,8,כיכול,arc,w,"<w xml:id=""jaff0100-8"" xml:lang=""arc"">כיכול</w>"
jaff0100,9,יהוה,arc,w,"<w xml:id=""jaff0100-9"" xml:lang=""arc"">יהוה</w>"
jaff0100,10,יהוה,arc,w,"<w xml:id=""jaff0100-10"" xml:lang=""arc"">יהוה</w>"
jaff0101,1,יהוה,arc,w,"<w xml:id=""jaff0101-1"" xml:lang=""arc"">יהוה</w>"
jaff0101,2,גיבור,arc,w,"<w xml:id=""jaff0101-2"" xml:lang=""arc"">גיבור</w>"
jaff0101,3,יהוה,arc,w,"<w xml:id=""jaff0101-3"" xml:lang=""arc"">יהוה</w>"
jaff0101,4,גיבור,arc,w,"<w xml:id=""jaff0101-4"" xml:lang=""arc"">גיבור</w>"
jaff0101,5,יהוה,arc,w,"<w xml:id=""jaff0101-5"" xml:lang=""arc"">יהו<supplied reason=""lost"">ה</supplied></w>"
jaff0101,6,שמוד,arc,w,"<w xml:id=""jaff0101-6"" xml:lang=""arc"">שמ<choice><unclear>ו</unclear><unclear>ד</unclear></choice></w>"
jaff0101,7,קהמה,arc,w,"<w xml:id=""jaff0101-7"" xml:lang=""arc"">קהמה</w>"
jaff0101,8,יהוה,arc,w,"<w xml:id=""jaff0101-8"" xml:lang=""arc"">יהוה</w>"
jaff0101,9,אין,arc,w,"<w xml:id=""jaff0101-9"" xml:lang=""arc"">אין</w>"
jaff0101,10,כאל,arc,w,"<w xml:id=""jaff0101-10"" xml:lang=""arc"">כאל</w>"
jaff0101,11,ישרון,arc,w,"<w xml:id=""jaff0101-11"" xml:lang=""arc"">ישרון</w>"
jaff0101,12,יהוה,arc,w,"<w xml:id=""jaff0101-12"" xml:lang=""arc"">יהוה</w>"
jaff0101,13,אחד,arc,w,"<w xml:id=""jaff0101-13"" xml:lang=""arc"">אחד</w>"
jaff0103,1,הדא,arc,w,"<w xml:id=""jaff0103-1"" xml:lang=""arc"">הדא</w>"
jaff0103,2,קבורתא,arc,w,"<w xml:id=""jaff0103-2"" xml:lang=""arc"">קבורתא</w>"
jaff0103,3,דיודן,arc,w,"<w xml:id=""jaff0103-3"" xml:lang=""arc"">דיודן</w>"
jaff0103,4,ברה,arc,w,"<w xml:id=""jaff0103-4"" xml:lang=""arc"">ברה</w>"
jaff0103,5,דרבי,arc,w,"<w xml:id=""jaff0103-5"" xml:lang=""arc"">דרבי</w>"
jaff0103,6,טרפון,arc,w,"<w xml:id=""jaff0103-6"" xml:lang=""arc"">טרפון</w>"
jaff0103,7,בירבי,arc,w,"<w xml:id=""jaff0103-7"" xml:lang=""arc"">בירבי</w>"
jaff0103,8,נוח,arc,w,"<w xml:id=""jaff0103-8"" xml:lang=""arc"">נוח</w>"
jaff0103,9,נפש,arc,w,"<w xml:id=""jaff0103-9"" xml:lang=""arc"">נפש</w>"
jaff0109,1,ב,arc,naw,"<orig xml:id=""jaff0109-1"" xml:lang=""arc"">ב</orig>"
jaff0109,2,ש,arc,naw,"<orig xml:id=""jaff0109-2"" xml:lang=""arc"">ש</orig>"
jaff0109,3,בהדה,arc,w,"<w xml:id=""jaff0109-3"" xml:lang=""arc"">בהדה</w>"
jaff0109,4,ק,arc,naw,"<orig xml:id=""jaff0109-4"" xml:lang=""arc"">ק</orig>"
jaff0109,5,בר,arc,w,"<w xml:id=""jaff0109-5"" xml:lang=""arc"">בר</w>"
jaff0109,6,מן,arc,w,"<w xml:id=""jaff0109-6"" xml:lang=""arc"">מן</w>"
jaff0109,7,דע,arc,naw,"<orig xml:id=""jaff0109-7"" xml:lang=""arc"">דע</orig>"
jaff0109,8,דקבורתה,arc,w,"<w xml:id=""jaff0109-8"" xml:lang=""arc"">דקבורתה</w>"
jeri0030,1,פלטיא,arc,w,"<w xml:id=""jeri0030-1"" xml:lang=""arc"">פלטיא</w>"
jeri0030,2,מן,arc,w,"<w xml:id=""jeri0030-2"" xml:lang=""arc"">מן</w>"
jeri0030,3,ירושלים,arc,w,"<w xml:id=""jeri0030-3"" xml:lang=""arc"">ירושלים</w>"
jeri0031,1,ישמאל,arc,w,"<w xml:id=""jeri0031-1"" xml:lang=""arc"">ישמאל</w>"
jeri0031,2,בר,arc,w,"<w xml:id=""jeri0031-2"" xml:lang=""arc"">בר</w>"
jeri0031,3,שמעון,arc,w,"<w xml:id=""jeri0031-3"" xml:lang=""arc"">שמעון</w>"
jeri0031,4,בר,arc,w,"<w xml:id=""jeri0031-4"" xml:lang=""arc"">בר</w>"
jeri0031,5,פלטא,arc,w,"<w xml:id=""jeri0031-5"" xml:lang=""arc"">פלטא</w>"
jeri0031,6,מן,arc,w,"<w xml:id=""jeri0031-6"" xml:lang=""arc""><supplied reason=""lost"">מן</supplied></w>"
jeri0031,7,ירשלם,arc,w,"<w xml:id=""jeri0031-7"" xml:lang=""arc"">ירשלם</w>"
jeri0031,8,ישמעאל,arc,w,"<w xml:id=""jeri0031-8"" xml:lang=""arc"">ישמעאל</w>"
jeri0031,9,בר,arc,w,"<w xml:id=""jeri0031-9"" xml:lang=""arc"">בר</w>"
jeri0031,10,פלאטא,arc,w,"<w xml:id=""jeri0031-10"" xml:lang=""arc"">פלאטא</w>"
jeri0031,11,שמעון,arc,w,"<w xml:id=""jeri0031-11"" xml:lang=""arc"">שמעון</w>"
jeri0031,12,מן,arc,w,"<w xml:id=""jeri0031-12"" xml:lang=""arc"">מן</w>"
jeri0031,13,ירשלם,arc,w,"<w xml:id=""jeri0031-13"" xml:lang=""arc"">ירשלם</w>"
jeri0032,1,יהוסף,arc,w,"<w xml:id=""jeri0032-1"" xml:lang=""arc"">יהוסף</w>"
jeri0032,2,בר,arc,w,"<w xml:id=""jeri0032-2"" xml:lang=""arc"">בר</w>"
jeri0032,3,יתרא,arc,w,"<w xml:id=""jeri0032-3"" xml:lang=""arc"">יתרא</w>"
jeri0032,4,ו,arc,naw,"<orig xml:id=""jeri0032-4"" xml:lang=""arc"">ו</orig>"
jeri0033,1,הספר,arc,w,"<w xml:id=""jeri0033-1"" xml:lang=""arc""><supplied reason=""lost"" cert=""low"">הספר</supplied></w>"
jeri0033,2,בר,arc,w,"<w xml:id=""jeri0033-2"" xml:lang=""arc"">בר</w>"
jeri0033,3,לעזר,arc,w,"<w xml:id=""jeri0033-3"" xml:lang=""arc"">לעזר</w>"
jeri0033,4,דהדאבדה,arc,w,"<w xml:id=""jeri0033-4"" xml:lang=""arc"">דהדאבדה</w>"
jeri0033,5,קנדילה,arc,w,"<w xml:id=""jeri0033-5"" xml:lang=""arc"">קנדילה</w>"
jeri0033,6,מן,arc,w,"<w xml:id=""jeri0033-6"" xml:lang=""arc"">מן</w>"
jeri0033,7,דידה,arc,w,"<w xml:id=""jeri0033-7"" xml:lang=""arc"">דידה</w>"
jeri0033,8,ברכתה,arc,w,"<w xml:id=""jeri0033-8"" xml:lang=""arc"">ברכתה</w>"
jeri0033,9,בעמלה,arc,w,"<w xml:id=""jeri0033-9"" xml:lang=""arc"">בעמלה</w>"
jeri0033,10,אמנ,arc,w,"<w xml:id=""jeri0033-10"" xml:lang=""arc"">אמנ</w>"
jeri0033,11,וכט,arc,w,"<w xml:id=""jeri0033-11"" xml:lang=""arc"">וכט</w>"
jeri0033,12,סלה,arc,w,"<w xml:id=""jeri0033-12"" xml:lang=""arc"">סלה</w>"
jeru0690,1,בר,arc,w,"<w xml:id=""jeru0690-1"" xml:lang=""arc"">בר</w>"
jeru0690,2,לתמוז,arc,w,"<w xml:id=""jeru0690-2"" xml:lang=""arc"">לתמוז</w>"
jeru0690,3,שנת,arc,w,"<w xml:id=""jeru0690-3"" xml:lang=""arc"">שנת</w>"
jeru0690,4,תשעין,arc,w,"<w xml:id=""jeru0690-4"" xml:lang=""arc"">תשעין</w>"
jeru0690,5,ותשע,arc,w,"<w xml:id=""jeru0690-5"" xml:lang=""arc"">ותשע</w>"
jeru0690,6,להירקנוס,arc,w,"<w xml:id=""jeru0690-6"" xml:lang=""arc"">להירקנוס</w>"
jeru0690,7,התשעא,arc,w,"<w xml:id=""jeru0690-7"" xml:lang=""arc"">התשעא</w>"
jeru0690,8,ככא,arc,w,"<w xml:id=""jeru0690-8"" xml:lang=""arc"">ככא</w>"
jeru0690,9,דן,arc,w,"<w xml:id=""jeru0690-9"" xml:lang=""arc"">דן</w>"
jeru0690,10,לשמעון,arc,w,"<w xml:id=""jeru0690-10"" xml:lang=""arc"">לשמעון</w>"
khha0001,1,דכירין,arc,w,"<w xml:id=""khha0001-1"" xml:lang=""arc""><supplied reason=""lost"">ד</supplied>כירין</w>"
khha0001,2,לטב,arc,w,"<w xml:id=""khha0001-2"" xml:lang=""arc"">ל<supplied reason=""lost"">טב</supplied></w>"
khha0001,3,בר,arc,w,"<w xml:id=""khha0001-3"" xml:lang=""arc"">בר</w>"
khha0001,4,חנ,arc,naw,"<orig xml:id=""khha0001-4"" xml:lang=""arc"">חנ</orig>"
khha0001,5,בר,arc,w,"<w xml:id=""khha0001-5"" xml:lang=""arc""><supplied reason=""lost"">בר</supplied></w>"
khha0001,6,יעקב,arc,w,"<w xml:id=""khha0001-6"" xml:lang=""arc"">י<supplied reason=""lost"">עק</supplied><supplied reason=""lost"" cert=""low"">ב</supplied></w>"
kmir0003,1,מנפא,arc,w,"<w xml:id=""kmir0003-1"" xml:lang=""arc"">מנפא</w>"
kmir0003,2,חבל,arc,w,"<w xml:id=""kmir0003-2"" xml:lang=""arc"">חבל</w>"
kmir0003,3,א,arc,w,"<w xml:id=""kmir0003-3"" xml:lang=""arc"">א</w>"
kmir0003,4,דכל,arc,w,"<w xml:id=""kmir0003-4"" xml:lang=""arc"">דכל</w>"
kmir0003,5,אם,arc,w,"<w xml:id=""kmir0003-5"" xml:lang=""arc"">אם</w>"
kmir0003,6,למרת,arc,w,"<w xml:id=""kmir0003-6"" xml:lang=""arc"">למרת</w>"
kmir0003,7,אי,arc,w,"<w xml:id=""kmir0003-7"" xml:lang=""arc"">אי</w>"
kmir0003,8,לנפשנא,arc,w,"<w xml:id=""kmir0003-8"" xml:lang=""arc"">לנפשנא</w>"
kmir0003,9,קדם,arc,w,"<w xml:id=""kmir0003-9"" xml:lang=""arc"">קדם</w>"
kmir0003,10,הר,arc,w,"<w xml:id=""kmir0003-10"" xml:lang=""arc"">הר</w>"
ksus0009,1,חומה,arc,naw,"<orig xml:id=""ksus0009-1"" xml:lang=""arc"">חומה</orig>"
ksus0010,1,אל,arc,naw,"<orig xml:id=""ksus0010-1"" xml:lang=""arc"">אל</orig>"
ksus0010,2,דניאל,arc,w,"<w xml:id=""ksus0010-2"" xml:lang=""arc""><supplied reason=""lost"">דני</supplied>אל</w>"
ksus0011,1,ולעזר,arc,w,"<w xml:id=""ksus0011-1"" xml:lang=""arc"">ולעזר</w>"
ksus0011,2,בנוי,arc,w,"<w xml:id=""ksus0011-2"" xml:lang=""arc"">בנוי</w>"
ksus0011,3,נידבת,arc,w,"<w xml:id=""ksus0011-3"" xml:lang=""arc"">נידבת</w>"
ksus0012,1,נה,arc,naw,"<orig xml:id=""ksus0012-1"" xml:lang=""arc"">נה</orig>"
ksus0012,2,הושיעה,arc,w,"<w xml:id=""ksus0012-2"" xml:lang=""arc"">הושיעה</w>"
ksus0013,1,קהלה,arc,w,"<w xml:id=""ksus0013-1"" xml:lang=""arc""><supplied reason=""lost"">קה</supplied>לה</w>"
ksus0013,2,קדישה,arc,w,"<w xml:id=""ksus0013-2"" xml:lang=""arc"">קדישה</w>"
ksus0013,3,דאתחזק,arc,w,"<w xml:id=""ksus0013-3"" xml:lang=""arc"">דאתחזק</w>"
ksus0013,4,זמן,arc,w,"<w xml:id=""ksus0013-4"" xml:lang=""arc""><supplied reason=""lost"">ז</supplied>מן</w>"
ksus0013,5,דהבון,arc,w,"<w xml:id=""ksus0013-5"" xml:lang=""arc"">דה<supplied reason=""lost"">בון</supplied></w>"
ksus0014,1,שלום,arc,w,"<w xml:id=""ksus0014-1"" xml:lang=""arc"">שלום</w>"
ksus0015,1,דכ,arc,w,"<w xml:id=""ksus0015-1"" xml:lang=""arc"">דכ</w>"
ksus0015,2,ירין,arc,w,"<w xml:id=""ksus0015-2"" xml:lang=""arc""><supplied reason=""lost"">ירין</supplied></w>"
ksus0015,3,לטב,arc,w,"<w xml:id=""ksus0015-3"" xml:lang=""arc""><supplied reason=""lost"">לטב</supplied></w>"
mare0513,1,שלמ,arc,w,"<w xml:id=""mare0513-1"" xml:lang=""arc"">שלמ</w>"
mare0514,1,אנ,arc,w,"<w xml:id=""mare0514-1"" xml:lang=""arc"">אנ</w>"
mare0514,2,בכל,arc,w,"<w xml:id=""mare0514-2"" xml:lang=""arc"">בכל</w>"
mare0514,3,דהוזטי,arc,w,"<w xml:id=""mare0514-3"" xml:lang=""arc"">דהוזטי</w>"
mare0515,1,יודן,arc,w,"<w xml:id=""mare0515-1"" xml:lang=""arc"">יודן</w>"
mare0515,2,שאול,arc,w,"<w xml:id=""mare0515-2"" xml:lang=""arc"">שאול</w>"
mukh0001,1,שמעון,arc,w,"<w xml:id=""mukh0001-1"" xml:lang=""arc"">שמעון</w>"
mukh0001,2,לוי,arc,w,"<w xml:id=""mukh0001-2"" xml:lang=""arc""><expan><ex>ל</ex><abbr>וי</abbr></expan></w>"
mukh0003,1,שלם,arc,w,"<w xml:id=""mukh0003-1"" xml:lang=""arc"">שלם</w>"
mukh0003,2,שלם,arc,w,"<w xml:id=""mukh0003-2"" xml:lang=""arc"">שלם</w>"
mukh0003,3,אמן,arc,w,"<w xml:id=""mukh0003-3"" xml:lang=""arc"">אמ<supplied reason=""lost"">ן</supplied></w>"
mukh0004,1,יועזר,arc,w,"<w xml:id=""mukh0004-1"" xml:lang=""arc"">יועזר</w>"
mukh0004,2,אתעקר,arc,w,"<w xml:id=""mukh0004-2"" xml:lang=""arc"">אתעקר</w>"
mukh0004,3,עלו,arc,w,"<w xml:id=""mukh0004-3"" xml:lang=""arc"">עלו<surplus>ות</surplus></w>"
mukh0004,4,מטרן,arc,w,"<w xml:id=""mukh0004-4"" xml:lang=""arc"">מטרן</w>"
mukh0005,1,אגלגיל,arc,naw,"<orig xml:id=""mukh0005-1"" xml:lang=""arc"">אגלגיל</orig>"
odob0028,1,עבדת,arc,w,"<w xml:id=""odob0028-1"" xml:lang=""arc"">עבדת</w>"
odob0028,2,ופצאל,arc,w,"<w xml:id=""odob0028-2"" xml:lang=""arc"">ופצאל</w>"
odob0028,3,וסשעודת,arc,w,"<w xml:id=""odob0028-3"" xml:lang=""arc"">וסשעודת</w>"
odob0028,4,בניחרתת,arc,w,"<w xml:id=""odob0028-4"" xml:lang=""arc"">בניחרתת</w>"
odob0030,1,חרתת,arc,w,"<w xml:id=""odob0030-1"" xml:lang=""arc""><supplied reason=""lost"">חר</supplied>תת</w>"
odob0030,2,שלם,arc,w,"<w xml:id=""odob0030-2"" xml:lang=""arc""><supplied reason=""lost"">של</supplied>ם</w>"
odob0032,1,שנת,arc,w,"<w xml:id=""odob0032-1"" xml:lang=""arc"">שנת</w>"
odob0032,2,II,arc,n,"<num xml:id=""odob0032-2"" xml:lang=""arc"" value=""2"">II</num>"
odob0033,1,ניו,arc,w,"<w xml:id=""odob0033-1"" xml:lang=""arc"">ניו</w>"
odob0034,1,דכרון,arc,w,"<w xml:id=""odob0034-1"" xml:lang=""arc"">דכרון</w>"
odob0034,2,טב,arc,w,"<w xml:id=""odob0034-2"" xml:lang=""arc"">טב</w>"
odob0034,3,ושלם,arc,w,"<w xml:id=""odob0034-3"" xml:lang=""arc"">ושלם</w>"
odob0034,4,לחרישו,arc,w,"<w xml:id=""odob0034-4"" xml:lang=""arc"">לחרישו</w>"
odob0034,5,בר,arc,w,"<w xml:id=""odob0034-5"" xml:lang=""arc"">בר</w>"
odob0034,6,פ,arc,naw,"<orig xml:id=""odob0034-6"" xml:lang=""arc"">פ</orig>"
odob0034,7,א,arc,naw,"<orig xml:id=""odob0034-7"" xml:lang=""arc"">א</orig>"
odob0034,8,שלם,arc,w,"<w xml:id=""odob0034-8"" xml:lang=""arc"">שלם</w>"
odob0034,9,ב,arc,naw,"<orig xml:id=""odob0034-9"" xml:lang=""arc"">ב</orig>"
odob0035,1,אושו,arc,w,"<w xml:id=""odob0035-1"" xml:lang=""arc""><supplied reason=""lost"">או</supplied>שו</w>"
odob0035,2,בר,arc,w,"<w xml:id=""odob0035-2"" xml:lang=""arc"">בר</w>"
odob0035,3,בר,arc,w,"<w xml:id=""odob0035-3"" xml:lang=""arc"">בר</w>"
odob0035,4,ענמו,arc,w,"<w xml:id=""odob0035-4"" xml:lang=""arc"">ענ<supplied reason=""lost"">מו</supplied></w>"
odob0036,1,דנה,arc,w,"<w xml:id=""odob0036-1"" xml:lang=""arc"">דנה</w>"
odob0036,2,סכרא,arc,w,"<w xml:id=""odob0036-2"" xml:lang=""arc"">סכרא</w>"
odob0036,3,די,arc,w,"<w xml:id=""odob0036-3"" xml:lang=""arc"">די</w>"
odob0036,4,קרב,arc,w,"<w xml:id=""odob0036-4"" xml:lang=""arc"">קרב</w>"
odob0037,1,דנה,arc,w,"<w xml:id=""odob0037-1"" xml:lang=""arc"">דנה</w>"
odob0037,2,דרתא,arc,w,"<w xml:id=""odob0037-2"" xml:lang=""arc"">ד<unclear>ר</unclear>תא</w>"
odob0039,1,שלם,arc,w,"<w xml:id=""odob0039-1"" xml:lang=""arc"">שלם</w>"
odob0040,1,דנה,arc,w,"<w xml:id=""odob0040-1"" xml:lang=""arc"">דנה</w>"
odob0040,2,סכרא,arc,w,"<w xml:id=""odob0040-2"" xml:lang=""arc"">סכרא</w>"
odob0040,3,די,arc,w,"<w xml:id=""odob0040-3"" xml:lang=""arc"">די</w>"
odob0040,4,בנא,arc,w,"<w xml:id=""odob0040-4"" xml:lang=""arc"">בנא</w>"
odob0040,5,גרמו,arc,w,"<w xml:id=""odob0040-5"" xml:lang=""arc"">גרמו</w>"
odob0040,6,וחברוהי,arc,w,"<w xml:id=""odob0040-6"" xml:lang=""arc"">וחברוהי</w>"
odob0040,7,למראנא,arc,w,"<w xml:id=""odob0040-7"" xml:lang=""arc"">למראנא</w>"
odob0040,8,רבאל,arc,w,"<w xml:id=""odob0040-8"" xml:lang=""arc"">רב<supplied reason=""lost"">אל</supplied></w>"
odob0040,9,XVII,arc,n,"<num xml:id=""odob0040-9"" xml:lang=""arc"" value=""18"">XVII</num>"
odob0040,10,שנת,arc,w,"<w xml:id=""odob0040-10"" xml:lang=""arc"">שנת</w>"
odob0040,11,די,arc,w,"<w xml:id=""odob0040-11"" xml:lang=""arc"">די</w>"
odob0040,12,אחיי,arc,w,"<w xml:id=""odob0040-12"" xml:lang=""arc"">אחיי</w>"
odob0040,13,ושיזב,arc,w,"<w xml:id=""odob0040-13"" xml:lang=""arc"">ושיזב</w>"
odob0040,14,עמה,arc,w,"<w xml:id=""odob0040-14"" xml:lang=""arc""><supplied reason=""lost"">עמה</supplied></w>"
sele0001,1,יהוה,arc,w,"<w xml:id=""sele0001-1"" xml:lang=""arc"">יהוה</w>"
sele0001,2,ימלך,arc,w,"<w xml:id=""sele0001-2"" xml:lang=""arc"">ימלך</w>"
sele0001,3,עלום,arc,w,"<w xml:id=""sele0001-3"" xml:lang=""arc"">עלום</w>"
sele0001,4,ועד,arc,w,"<w xml:id=""sele0001-4"" xml:lang=""arc"">ועד</w>"
umda0001,1,חמעה,arc,w,"<w xml:id=""umda0001-1"" xml:lang=""arc"">חמעה</w>"
