Normalized,Occurrences,Lemma,POS,NormalizedID,MorphNotes,divine name?,divine name key,persname?,persname gender,persname type,persname key,persname link,title?,title type,title key,military?,military key,ethnicon?,ethnicon key,term of relationship?,relationship key,location?,location key,location link,date?,date type,calendar type,occupation?,occupation key,measure?,measure key,object?,object key,religious term?,religious term key,other?,other type,other key
,,,,,,"(y if yes) or historical, mythical, divine",,(y if yes),"(m, f, ?)","(Christian, Jewish, other, ?)",,,(y if yes),"(military, government, religious, honorific)",,,,,,,,,,,,"(month, day, year)",,,,,,,,,,,,
a,masa0941-20,a,X,w-a,None,,,,,,,,,,,,,,,,,,,,,,,,,,,,,,,,,
ac,caes0009-2,ac,CCONJ,w-ac,None,,,,,,,,,,,,,,,,,,,,,,,,,,,,,,,,,
adiutoribus,caes0682-3,adiutor,NOUN,w-adiutoribus,None,,,,,,,,,,,,,,,,,,,,,,,y,adiutor,,,,,,,,,
Aelio,"caes0011-1, caes0353-1, jeru0497-4",aelius,PROPN,w-aelio,None,,,y,m,other,Aelius,,,,,,,,,,,,,,,,,,,,,,,,,,,
Aemilia,nabl0001-7,aemilius,ADJ,w-aemilia,None,,,y,m,other,Aemilius,,,,,,,,,,,,,,,,,,,,,,,,,,,
Aemilius,masa0750-1,aemilius,PROPN,w-aemilius,None,,,y,m,other,Aemilius,,,,,,,,,,,,,,,,,,,,,,,,,,,
Africano,caes0107-10,africanus,PROPN,w-africano,None,,,y,m,other,Africanus,,,,,,,,,,,,,,,,,,,,,,,,,,,
Africanus,caes0009-17,africanus,PROPN,w-africanus,None,,,y,m,other,Africanus,,,,,,,,,,,,,,,,,,,,,,,,,,,
Africe,jeru0495-6,Africes,PROPN,w-africe,None,y,Africe,,,,,,,,,,,,,,,,,,,,,,,,,,,,,,,
Agrippae,caes0032-6,agrippa,PROPN,w-agrippae,None,,,y,m,other,Agrippa,,,,,,,,,,,,,,,,,,,,,,,,,,,
Agrippam,caes0003-3,agrippa,PROPN,w-agrippam,None,,,y,m,other,Agrippa,,,,,,,,,,,,,,,,,,,,,,,,,,,
alae,tsha0001-2,aa,NOUN,w-alae,None,,,,,,,,,,,y,ala,,,,,,,,,,,,,,,,,,,,,
alam,yotv0001-14,ala,NOUN,w-alam,Case=accusative|Gender=feminine|Number=singular,,,,,,,,,,,y,ala,,,,,,,,,,,,,,,,,,,,,
Alamannico,maay0001-18,Alamannicus,PROPN,w-alamannico,None,,,,,,,,,,,,,y,tribe,,,,,,,,,,,,,,,,,,,
alis,unkn0130-29,ala,NOUN,w-alis,Case=ablative|Gender=feminine|Number=plural,,,,,,,,,,,y,ala,,,,,,,,,,,,,,,,,,,,,
amico,caes0002-10,amicus,NOUN,w-amico,Case=ablative|Gender=masculine|Number=singular,,,,,,,,,,,,,,,y,friend,,,,,,,,,,,,,,,,,
amineum,"masa0796-1, masa0797-2",amineus,ADJ,w-amineum,None,,,,,,,,,,,,,,,,,,,,,,,,,,,y,food,,,,,
amphorae,masa0826-6,amphora,PROPN,w-amphorae,None,,,,,,,,,,,,,,,,,,,,,,,,,,,y,utensil,,,,,
Anchararius,masa0755-1,Anchararius,PROPN,w-anchararius,None,,,y,m,other,Anchararius,,,,,,,,,,,,,,,,,,,,,,,,,,,
Ancharius,"masa0751-1, masa0752-1, masa0753-1, masa0754-1",ancharius,PROPN,w-ancharius,None,,,y,m,other,Ancharius,,,,,,,,,,,,,,,,,,,,,,,,,,,
Annius,"masa0756-1, masa0757-1",annius,PROPN,w-annius,None,,,y,m,other,Annius,,,,,,,,,,,,,,,,,,,,,,,,,,,
annos,"emma0001-13, emma0001-16, nabl0001-17, nabl0002-8",annus,NOUN,w-annos,Case=accusative|Gender=masculine|Number=plural,,,,,,,,,,,,,,,,,,,,y,year,,,,,,,,,,,,
Antonini,"bani0003-4, bani0003-7, megi0002-15",Antoninos,PROPN,w-antonini,None,,,y,m,other,Antoninus,,,,,,,,,,,,,,,,,,,,,,,,,,,
Antonini,ashk0003a-4,Antoninus,PROPN,w-antonini,None,,,y,m,other,Antoninus,,,,,,,,,,,,,,,,,,,,,,,,,,,
antoniniana,megi0002-25,antoniniana,PROPN,w-antoniniana,None,,,,,,,,,,,y,unitname,,,,,,,,,,,,,,,,,,,,,
antoninianae,"caes0018-16, jeru0554-25",antoniniana,PROPN,w-antoninianae,None,,,,,,,,,,,y,unitname,,,,,,,,,,,,,,,,,,,,,
Antonino,"ashk0003a-14, jeru0497-6",antoninus,PROPN,w-antonino,None,,,y,m,other,Antoninus,,,,,,,,,,,,,,,,,,,,,,,,,,,
Antoninus,unkn0131-5,antoninus,PROPN,w-antoninus,None,,,y,m,other,Antoninus,,,,,,,,,,,,,,,,,,,,,,,,,,,
Antonio,caes0107-4,antonius,PROPN,w-antonio,None,,,y,m,other,Antonius,,,,,,,,,,,,,,,,,,,,,,,,,,,
Aphrodilus,caes0164-1,Aphrodilus,PROPN,w-aphrodilus,None,,,y,m,other,Aphrodilus,,,,,,,,,,,,,,,,,,,,,,,,,,,
appellantur,unkn0130-35,appello,VERB,w-appellantur,Mood=indicative|Number=plural|Person=3rd|Tense=present|Voice=passive,,,,,,,,,,,,,,,,,,,,,,,,,,,,,,,,,
Arbaeus,caes0009-16,Arbaeus,PROPN,w-arbaeus,None,,,y,m,other,Arabaeus,,,,,,,,,,,,,,,,,,,,,,,,,,,
Armeniaca,unkn0130-49,Armeniacus,ADJ,w-armeniaca,None,,,,,,,,,,,,,y,Armenian,,,,,,,,,,,,,,,,,,,
Atilio,achz0001-19,atilius,PROPN,w-atilio,None,,,y,m,other,Atilius,,,,,,,,,,,,,,,,,,,,,,,,,,,
Aufidius,"caes0014-14, caes0017-14, masa0758-1, masa0759-1",aufidius,PROPN,w-aufidius,None,,,y,m,other,Aufidius,,,,,,,,,,,,,,,,,,,,,,,,,,,
Augindai,nabl0002-3,Augindaus,PROPN,w-augindai,None,,,y,m,other,Augindaus,,,,,,,,,,,,,,,,,,,,,,,,,,,
augures,caes0123-1,auguris,NOUN,w-augures,None,,,,,,,,y,religious,augur,,,,,,,,,,,,,y,augur,,,,,,,,,
auguri,jeru0497-12,augur,NOUN,w-auguri,Case=dative|Gender=masculine|Number=singular,,,,,,,,y,religious,augur,,,,,,,,,,,,,y,augur,,,,,,,,,
Augusta,"caes0024-2, unkn0130-44",augusta,PROPN,w-augusta,None,y,Augustus,y,m,other,Augustus,,y,government,Augustus,y,unitname,,,,,,,,,,,,,,,,,,,,,
Augustae,"caes0003-9, caes0044-4",augusta,PROPN,w-augustae,None,y,Augustus,y,m,other,Augustus,,y,government,Augustus,y,unitname,,,,,,,,,,,,,,,,,,,,,
Augustalibus,caes0122-7,Augustalis,ADJ,w-augustalibus,None,y,,,m,other,Augustalis,,,,,,,,,,,,,,,,,,,,,,,,,,,
Augustalis,caes0122-3,Augustalis,PROPN,w-augustalis,None,y,,,m,other,Augustalis,,,,,,,,,,,,,,,,,,,,,,,,,,,
Augusti,"achz0001-22, bani0003-5, bani0003-8, caes0002-3, caes0007-5, caes0011-6, caes0018-5, caes0020-2, caes0022-3, caes0031-3, caes0034-4, caes0035-3, caes0106-19, caes0107-7, jeru0494-9, jeru0494-15, kara0001-19, megi0002-16",augustus,PROPN,w-augusti,Case=nominative|Gender=masculine|Number=plural,y,Augustus,y,m,other,Augustus,,y,government,,,,,,,,,,,,,,,,,,,,,,,,
Augustis,ashk0003b-15,augustus,PROPN,w-augustis,Case=ablative|Gender=neuter|Number=plural,y,Augustus,y,m,other,Augustus,,y,government,,,,,,,,,,,,,,,,,,,,,,,,
Augusto,"ashk0003a-18, bshe0006-14, caes0006-9, caes0009-15, caes0027-4, caes0045-4, caes0047-5, caes0049-5, caes0053-4, caes0106-9, caes0107-13, caes0354-2, jeru0497-7, jeru0554-12, kara0001-9, maay0001-17, tsha0002-12",augustus,PROPN,w-augusto,Case=ablative|Gender=neuter|Number=singular,y,Augustus,y,m,other,Augustus,,y,government,,,,,,,,,,,,,,,,,,,,,,,,
Augustus,"achz0001-7, caes0051-5, caes0052-5, caes0054-5, cape0001-12, jeru0491-4, jeru0491-9, jeru0491-11, jeru0494-4, unkn0130-7, unkn0131-8, yotv0001-4, yotv0001-7",augustus,PROPN,w-augustus,Case=nominative|Gender=masculine|Number=singular,y,Augustus,y,m,other,Augustus,,y,government,,,,,,,,,,,,,,,,,,,,,,,,
Aureli,megi0002-14,Aurel,PROPN,w-aureli,None,,,y,m,other,Aurelius,,,,,,,,,,,,,,,,,,,,,,,,,,,
Aurelio,"ashk0003a-13, ashk0003b-9, caes0009-9, caes0010-16",aurelius,PROPN,w-aurelio,None,,,y,m,other,Aurelius,,,,,,,,,,,,,,,,,,,,,,,,,,,
Aurelius,"caes0007-6, unkn0131-4",aurelius,PROPN,w-aurelius,None,,,y,m,other,Aurelius,,,,,,,,,,,,,,,,,,,,,,,,,,,
Aurreli,"bani0003-3, bani0003-6",Aurrelius,PROPN,w-aurreli,None,,,y,m,other,Aurelius,,,,,,,,,,,,,,,,,,,,,,,,,,,
Aurunculeius,caes0002-9,aurunculeius,PROPN,w-aurunculeius,None,,,y,m,other,Aurelius,,,,,,,,,,,,,,,,,,,,,,,,,,,
b,masa0941-21,b,X,w-b,None,,,,,,,,,,,,,,,,,,,,,,,,,,,,,,,,,
barbarorum,maay0001-11,barbarus,NOUN,w-barbarorum,Case=genitive|Gender=neuter|Number=plural,,,,,,,,,,,,,y,generic,,,,,,,,,,,,,,,,,,,
Basso,"jeru0494-13, unkn0130-73",bassus,PROPN,w-basso,None,,,y,m,other,Bassus,,,,,,,,,,,,,,,,,,,,,,,,,,,
bene,"caes0163-1, nabl0001-23, nabl0002-11",bene,ADV,w-bene,None,,,,,,,,,,,,,,,,,,,,,,,,,,,,,,,,,
Boethi,caes0030-2,boethus,PROPN,w-boethi,Case=nominative|Gender=masculine|Number=plural,,,y,m,other,Boethus,,,,,,,,,,,,,,,,,,,,,,,,,,,
bona,"caes0682-2, fiqg0002-2",bonus,ADJ,w-bona,Case=nominative|Gender=neuter|Number=plural,,,,,,,,,,,,,,,,,,,,,,,,,,,,,,,,,
bracaraugustanorum,unkn0130-65,bracaraugustani,PROPN,w-bracaraugustanorum,None,,,,,,,,,,,y,unitname,,,,,,,,,,,,,,,,,,,,,
Britannicus,unkn0131-11,britannicus,PROPN,w-britannicus,None,,,,,,,,,,,,,y,British,,,,,,,,,,,,,,,,,,,
Bubasti,megi0002-2,Bubastus,PROPN,w-bubasti,None,y,Bubastus,,,,,,,,,,,,,,,,,,,,,,,,,,,,,,,
c,masa0941-22,c,X,w-c,None,,,,,,,,,,,,,,,,,,,,,,,,,,,,,,,,,
Caesar,"achz0001-2, caes0051-2, caes0052-2, caes0054-2, caes0352-1, cape0001-2, jeru0491-2, jeru0491-7, jeru0494-2, jeru0494-7, unkn0130-2, unkn0131-2",caesar,PROPN,w-caesar,None,,,y,m,other,Caesar,,,,,,,,,,,,,,,,,,,,,,,,,,,
Caesare,"caes0047-2, caes0049-2, masa0795-6, masa0799-1",caesar,PROPN,w-caesare,None,,,y,m,other,Caesar,,,,,,,,,,,,,,,,,,,,,,,,,,,
Caesarea,caes0024-3,caesarea,PROPN,w-caesarea,None,,,,,,,,,,,,,,,,,y,Caesarea,https://pleiades.stoa.org/places/678401,,,,,,,,,,,,,,
Caesareae,"caes0003-10, caes0044-5",caesarea,PROPN,w-caesareae,None,,,,,,,,,,,,,,,,,y,Caesarea,https://pleiades.stoa.org/places/678401,,,,,,,,,,,,,,
Caesares,yotv0001-13,caesar,PROPN,w-caesares,None,,,y,m,other,Caesar,,,,,,,,,,,,,,,,,,,,,,,,,,,
Caesari,"ashk0003a-2, bshe0006-6, caes0006-2, caes0014-13, caes0017-13, caes0027-2, caes0106-2, caes0106-17, caes0107-2, caes0528-1, jeru0497-2, jeru0554-2, kara0001-2, tsha0002-2",caesar,PROPN,w-caesari,None,,,y,m,other,Caesar,,,,,,,,,,,,,,,,,,,,,,,,,,,
Caesaribus,ashk0003b-2,caesar,PROPN,w-caesaribus,None,,,y,m,other,Caesar,,,,,,,,,,,,,,,,,,,,,,,,,,,
Caesaris,megi0002-13,caesar,PROPN,w-caesaris,None,,,y,m,other,Caesar,,,,,,,,,,,,,,,,,,,,,,,,,,,
Cai,nabl0001-5,caius,PROPN,w-cai,None,,,y,m,other,Caius,,,,,,,,,,,,,,,,,,,,,,,,,,,
Caio,"caes0006-3, caes0007-1, caes0018-1, caes0106-3, kara0001-3, kara0001-12",gaius,PROPN,w-caio,None,,,y,m,other,Caius,,,,,,,,,,,,,,,,,,,,,,,,,,,
Caius,"haif0020a-1, masa0831-1, nabl0001-3, nabl0001-19",caius,PROPN,w-caius,None,,,y,m,other,Caius,,,,,,,,,,,,,,,,,,,,,,,,,,,
Caius,caes0002-8,Caius,PROPN,w-caius,None,,,y,m,other,Caius,,,,,,,,,,,,,,,,,,,,,,,,,,,
Callaecorum,unkn0130-64,Callaeci,PROPN,w-callaecorum,None,,,,,,,,,,,y,unitname,y,tribe,,,,,,,,,,,,,,,,,,,
Callisto,caes0002-6,Calliste,PROPN,w-callisto,None,,,y,m,other,Calliste,,,,,,,,,,,,,,,,,,,,,,,,,,,
Calpurniano,caes0010-2,Calpurnianum,PROPN,w-calpurniano,None,,,y,m,other,Calpurnianum,,,,,,,,,,,,,,,,,,,,,,,,,,,
Camilia,emma0001-4,Camilia,PROPN,w-camilia,None,,,y,f,other,Camilia,,,,,,,,,,,,,,,,,,,,,,,,,,,
campestris,masa0830-1,campestra,PROPN,w-campestris,None,,,,,,,,,,,,,,,,,,,,,,,,,,,y,food,,,,,
Cantabrorum,unkn0130-61,Cantabri,PROPN,w-cantabrorum,None,,,,,,,,,,,y,unitname,y,tribe,,,,,,,,,,,,,,,,,,,
Capricorno,tsha0001-1,capricornus,PROPN,w-capricorno,None,y,Capricornus,,,,,,,,,,,,,,,,,,,,,,,,,,,,,,,
Casesari,kara0001-17,Casesarus,PROPN,w-casesari,None,,,y,m,other,Caesar,,,,,,,,,,,,,,,,,,,,,,,,,,,
causa,"caes0002-7, caes0031-18",causa,NOUN,w-causa,Case=ablative|Gender=feminine|Number=singular,,,,,,,,,,,,,,,,,,,,,,,,,,,,,,,,,
Caustri,masa0948-2,Causter,NOUN,w-caustri,None,,,y,m,other,Causter,,,,,,,,,,,,,,,,,,,,,,,,,,,
censor,unkn0130-16,censor,NOUN,w-censor,Case=nominative|Gender=masculine|Number=singular,,,,,,,,y,government,censor,,,,,,,,,,,,,,,,,,,,,,,
censori,caes0027-11,censor,NOUN,w-censori,Case=dative|Gender=masculine|Number=singular,,,,,,,,y,government,censor,,,,,,,,,,,,,,,,,,,,,,,
centurio,"caes0007-8, caes0119-4, caes0146-13, caes0148-6, caes0350-2",centurio,NOUN,w-centurio,Mood=indicative|Number=singular|Person=1st|Tense=present|Voice=active,,,,,,,,y,military,centurion,y,rank,,,,,,,,,,,,,,,,,,,,,
civitatem,unkn0130-91,ciuitas,NOUN,w-civitatem,None,,,,,,,,y,military,centurion,y,rank,,,,,,,,,,,,,,,,,,,,,
Claudio,"caes0021-2, caes0145-2",claudius,PROPN,w-claudio,None,,,y,m,other,Claudius,,,,,,,,,,,,,,,,,,,,,,,,,,,
Claudius,caes0146-11,claudius,PROPN,w-claudius,None,,,y,m,other,Claudius,,,,,,,,,,,,,,,,,,,,,,,,,,,
Clemens,caes0006-10,clemens,PROPN,w-clemens,Case=nominative|Gender=neuter|Number=singular,,,y,m,other,Clemens,,,,,,,,,,,,,,,,,,,,,,,,,,,
Cleopatra,caes0044-8,cleopatra,PROPN,w-cleopatra,None,,,y,f,other,Cleopatra,,,,,,,,,,,,,,,,,,,,,,,,,,,
cohors,jeru0494-18,cohors,NOUN,w-cohors,Case=nominative|Gender=feminine|Number=singular,,,,,,,,,,,y,cohors,,,,,,,,,,,,,,,,,,,,,
cohortibus,unkn0130-32,cohors,NOUN,w-cohortibus,Case=ablative|Gender=feminine|Number=plural,,,,,,,,,,,y,cohors,,,,,,,,,,,,,,,,,,,,,
Coloniae,"caes0003-6, caes0044-1, caes0122-4",colonia,PROPN,w-coloniae,Case=nominative|Gender=feminine|Number=plural,,,,,,,,,,,,,,,,,y,generic,,,,,,,,,,,,,,,
coloniae,"caes0003-6, caes0044-1, caes0122-4",colonia,NOUN,w-coloniae,Case=nominative|Gender=feminine|Number=plural,,,,,,,,,,,,,,,,,y,generic,,,,,,,,,,,,,,,
coniugi,"caes0148-2, caes0160-4",coniux,NOUN,w-coniugi,None,,,,,,,,,,,,,,,y,marriage,,,,,,,,,,,,,,,,,
Constans,megi0002-24,constans,PROPN,w-constans,None,,,y,m,other,Constans,,,,,,,,,,,,,,,,,,,,,,,,,,,
Constantio,caes0017-8,Constantius,PROPN,w-constantio,None,,,y,m,other,Constantius,,,,,,,,,,,,,,,,,,,,,,,,,,,
constantis,caes0146-10,constans,ADJ,w-constantis,None,,,y,m,other,Constans,,,,,,,,,,,,,,,,,,,,,,,,,,,
Constantius,yotv0001-9,constantius,PROPN,w-constantius,None,,,y,m,other,Constantius,,,,,,,,,,,,,,,,,,,,,,,,,,,
constituerunt,yotv0001-17,constituo,VERB,w-constituerunt,Mood=indicative|Number=plural|Person=3rd|Tense=perfect|Voice=active,,,,,,,,,,,,,,,,,,,,,,,,,,,,,,,,,
consul,"achz0001-16, unkn0130-18, unkn0131-20",consul,NOUN,w-consul,Case=nominative|Gender=masculine|Number=singular,,,,,,,,y,government,consul,,,,,,,,,,,,,,,,,,,,,,,
consularis,caes0030-3,consularis,ADJ,w-consularis,Case=accusative|Gender=masculine|Number=plural,,,,,,,,y,government,consul,,,,,,,,,,,,,,,,,,,,,,,
consuli,"caes0027-9, caes0107-17, jeru0554-18, tsha0002-20",consul,NOUN,w-consuli,Case=dative|Gender=masculine|Number=singular,,,,,,,,y,government,consul,,,,,,,,,,,,,,,,,,,,,,,
consultissimo,"caes0014-3, caes0017-3",consuls,ADJ,w-consultissimo,None,,,,,,,,y,government,consul,,,,,,,,,,,,,,,,,,,,,,,
conubium,unkn0130-94,connubium,NOUN,w-conubium,None,,,,,,,,,,,,,,,y,marriage,,,,,,,,,,,,,,,,,
cum,yotv0001-15,cum,ADP,w-cum,None,,,,,,,,,,,,,,,,,,,,,,,,,,,,,,,,,
Cumana,masa0825-2,Cimanus,ADJ,w-cumana,None,,,y,m,other,Cimanus,,,,,,,,,,,,,,,,,,,,,,,,,,,
curatori,caes0035-8,curator,NOUN,w-curatori,Case=dative|Gender=masculine|Number=singular,,,,,,,,y,military,curator,,,,,,,,,,,,,,,,,,,,,,,
curiarum,maay0001-6,curia,NOUN,w-curiarum,Case=genitive|Gender=feminine|Number=plural,,,,,,,,,,,,,,,,,,,,,,,,,,,y,building,,,,,
custodiarum,caes0682-5,custodia,NOUN,w-custodiarum,Case=genitive|Gender=feminine|Number=plural,,,,,,,,y,military,curator,y,rank,,,,,,,,,,,,,,,,,,,,,
Cyrenaicae,caes0035-7,Cyrenaicus,ADJ,w-cyrenaicae,None,,,,,,,,,,,y,unitname,y,Cyrenaean,,,,,,,,,,,,,,,,,,,
d,masa0941-23,d,X,w-d,None,,,,,,,,,,,,,,,,,,,,,,,,,,,,,,,,,
Damas,caes0146-22,Damas,PROPN,w-damas,None,,,y,m,other,Damas,,,,,,,,,,,,,,,,,,,,,,,,,,,
Damascena,unkn0130-48,Damascena,NOUN,w-damascena,None,,,,,,,,,,,y,unitname,,,,,y,Damascus,https://pleiades.stoa.org/places/678106,,,,,,,,,,,,,,
de,"caes0037-6, tsha0001-9",de,ADP,w-de,None,,,,,,,,,,,,,,,,,,,,,,,,,,,,,,,,,
decreto,"caes0003-13, caes0010-12, caes0011-11, caes0122-10, jeru0497-13",decretum,NOUN,w-decreto,Case=ablative|Gender=neuter|Number=singular,,,,,,,,,,,,,,,,,,,,,,,,,,,,,,,,,
decurione,caes0010-22,decurio,NOUN,w-decurione,Case=ablative|Gender=masculine|Number=singular,,,,,,,,y,military,decurion,y,rank,,,,,,,,,,,,,,,,,,,,,
decurionum,"caes0003-14, caes0010-13, caes0122-11, jeru0497-14",decurio,NOUN,w-decurionum,Case=genitive|Gender=masculine|Number=plural,,,,,,,,y,military,decurion,y,rank,,,,,,,,,,,,,,,,,,,,,
decurionum,caes0011-12,decurionum,NOUN,w-decurionum,None,,,,,,,,y,military,decurion,y,rank,,,,,,,,,,,,,,,,,,,,,
dedit,unkn0130-92,do,VERB,w-dedit,Mood=indicative|Number=singular|Person=3rd|Tense=perfect|Voice=active,,,,,,,,,,,,,,,,,,,,,,,,,,,,,,,,,
dedit,caes0037-9,deditus,NOUN,w-dedit,None,,,,,,,,,,,,,,,,,,,,,,,,,,,,,,,,,
deiotariana,caes0046-4,deiotariana,NUM,w-deiotariana,None,,,,,,,,,,,y,unitname,,,,,,,,,,,,,,,,,,,,,
deum,megi0002-18,deus,PROPN,w-deum,Case=genitive|Gender=masculine|Number=plural,,,,,,,,,,,,,,,,,,,,,,,,,,,,,y,god,,,
devotissimus,bshe0006-25,deuotus,ADJ,w-devotissimus,None,,,,,,,,,,,,,,,,,,,,,,,,,,,,,y,offer,,,
devotus,"caes0006-14, caes0014-21, caes0017-21, caes0019-3, caes0029-1",deuotus,ADJ,w-devotus,None,,,,,,,,,,,,,,,,,,,,,,,,,,,,,y,offer,,,
dicatissimus,caes0009-25,dicatissimus,NOUN,w-dicatissimus,None,,,,,,,,,,,,,,,,,,,,,,,,,,,,,,,,,
dim,caes0122-1,do,VERB,w-dim,None,,,,,,,,,,,,,,,,,,,,,,,,,,,,,,,,,
dimissis,unkn0130-80,dimitto,VERB,w-dimissis,Case=ablative|Gender=neuter|Mood=participle|Number=plural|Tense=perfect|Voice=passive,,,,,,,,,,,,,,,,,,,,,,,,,,,,,,,,,
Diocletiano,"ashk0003b-6, caes0006-5",Diocletianum,PROPN,w-diocletiano,None,,,y,m,other,Diocletian,,,,,,,,,,,,,,,,,,,,,,,,,,,
Diocletianus,yotv0001-3,diocletianus,PROPN,w-diocletianus,None,,,y,m,other,Diocletian,,,,,,,,,,,,,,,,,,,,,,,,,,,
dis,"caes0146-1, caes0160-1, nabl0001-1, nabl0002-1",dis,PROPN,w-dis,None,,,,,,,,,,,,,,,,,,,,,,,,,,,,,y,god,,,
divi,"ashk0003a-8, cape0001-7, jeru0554-7, tsha0002-7",diuus,ADJ,w-divi,None,,,,,,,,,,,,,,,,,,,,,,,,,,,,,y,god,,,
divi,"achz0001-3, ashk0003a-3, cape0001-3, jeru0554-3, tsha0002-3, unkn0130-3",do,VERB,w-divi,None,,,,,,,,,,,,,,,,,,,,,,,,,,,,,y,god,,,
Domine,jeru0306-1,dominus,NOUN,w-domine,Case=vocative|Gender=masculine|Number=singular,y,lord,,,,,,y,honorific,lord,,,,,y,lord,,,,,,,,,,,,,,,,,
domini,megi0002-10,dominus,NOUN,w-domini,Case=nominative|Gender=masculine|Number=plural,y,lord,,,,,,y,honorific,lord,,,,,y,lord,,,,,,,,,,,,,,,,,
Domino,"bshe0006-3, caes0009-6, maay0001-13",dominus,NOUN,w-domino,Case=ablative|Gender=masculine|Number=singular,y,lord,,,,,,y,honorific,lord,,,,,y,lord,,,,,,,,,,,,,,,,,
domino,"bshe0006-3, caes0009-6, maay0001-13",dominus,NOUN,w-domino,Case=ablative|Gender=masculine|Number=singular,y,lord,,,,,,y,honorific,lord,,,,,y,lord,,,,,,,,,,,,,,,,,
Domitianus,"achz0001-6, unkn0130-6",domitianus,PROPN,w-domitianus,None,,,y,m,other,Domitianus,,,,,,,,,,,,,,,,,,,,,,,,,,,
dono,caes0037-8,donum,NOUN,w-dono,Case=ablative|Gender=neuter|Number=singular,,,,,,,,,,,,,,,,,,,,,,,,,,,,,,,,,
duabus,unkn0130-30,duo,NUM,w-duabus,Case=ablative|Gender=feminine|Number=plural,,,,,,,,,,,,,,,,,,,,,,,,,,,,,,,,,
duumviralem,caes0003-5,duumviralis,ADJ,w-duumviralem,Case=accusative|Gender=masculine|Number=singular,,,,,,,,y,government,duovir,,,,,,,,,,,,,,,,,,,,,,,
e,"masa0941-24, masa0941-25, masa0941-28",e,X,w-e,None,,,,,,,,,,,,,,,,,,,,,,,,,,,,,,,,,
egregio,caes0011-4,egregius,ADJ,w-egregio,Case=ablative|Gender=neuter|Number=singular,,,,,,,,,,,,,,,,,,,,,,,,,,,,,,,,,
eius,"bshe0006-23, caes0009-24, caes0019-7, caes0029-4, caes0031-15, caes0044-10, caes0146-18, maay0001-32",is,DET,w-eius,Case=genitive|Gender=masculine|Number=singular,,,,,,,,,,,,,,,,,,,,,,,,,,,,,,,,,
eius,"caes0006-17, caes0007-10, caes0014-24",eius,NOUN,w-eius,None,,,,,,,,,,,,,,,,,,,,,,,,,,,,,,,,,
eorum,caes0017-24,eorum,NOUN,w-eorum,None,,,,,,,,,,,,,,,,,,,,,,,,,,,,,,,,,
eques,nabl0002-4,eques,NOUN,w-eques,Case=nominative|Gender=masculine|Number=singular,,,,,,,,y,government,equestrian,,,,,,,,,,,,,,,,,,,,,,,
equite,caes0010-19,eques,NOUN,w-equite,Case=ablative|Gender=masculine|Number=singular,,,,,,,,y,government,equestrian,,,,,,,,,,,,,,,,,,,,,,,
equites,unkn0130-25,eques,NOUN,w-equites,Case=accusative|Gender=masculine|Number=plural,,,,,,,,y,government,equestrian,,,,,,,,,,,,,,,,,,,,,,,
equitum,tsha0001-8,eques,NOUN,w-equitum,Case=genitive|Gender=masculine|Number=plural,,,,,,,,y,government,equestrian,,,,,,,,,,,,,,,,,,,,,,,
est,emma0001-20,est,NOUN,w-est,None,,,,,,,,,,,,,,,,,,,,,,,,,,,,,,,,,
et,"ashk0003a-22, ashk0003b-7, caes0010-7, caes0010-21, caes0014-2, caes0017-2, caes0018-19, caes0106-11, caes0146-19, caes0146-21, caes0146-23, caes0146-26, caes0148-11, caes0354-3, kara0001-11, maay0001-7, megi0002-8, unkn0130-26, unkn0130-31, unkn0130-39, unkn0130-42, unkn0130-46, unkn0130-50, unkn0130-54, unkn0130-56, unkn0130-59, unkn0130-62, unkn0130-66, unkn0130-76, unkn0130-93, unkn0131-26, yotv0001-5, yotv0001-8, yotv0001-10",et,CCONJ,w-et,None,,,,,,,,,,,,,,,,,,,,,,,,,,,,,,,,,
Eudemi,masa0950-3,eudemus,PROPN,w-eudemi,None,,,y,m,other,Eudemus,,,,,,,,,,,,,,,,,,,,,,,,,,,
Eudemi,masa0949-3,Eudemus,PROPN,w-eudemi,None,,,y,m,other,Eudemus,,,,,,,,,,,,,,,,,,,,,,,,,,,
ex,"caes0003-12, caes0010-11, caes0011-10, caes0044-6, caes0122-9",ex,ADP,w-ex,None,,,,,,,,,,,,,,,,,,,,,,,,,,,,,,,,,
extinctori,maay0001-12,extinctor,NOUN,w-extinctori,None,,,,,,,,,,,,,,,,,,,,,,,,,,,,,,,,,
f,masa0941-26,f,X,w-f,None,,,,,,,,,,,,,,,,,,,,,,,,,,,,,,,,,
facere,caes0044-12,facio,VERB,w-facere,Mood=imperative|Number=singular|Person=2nd|Tense=present|Voice=passive,,,,,,,,,,,,,,,,,,,,,,,,,,,,,,,,,
fecerunt,caes0146-31,fecerunt,NOUN,w-fecerunt,None,,,,,,,,,,,,,,,,,,,,,,,,,,,,,,,,,
fecit,"caes0051-6, caes0052-6, caes0122-8",facio,VERB,w-fecit,Mood=indicative|Number=singular|Person=3rd|Tense=perfect|Voice=active,,,,,,,,,,,,,,,,,,,,,,,,,,,,,,,,,
fecit,"caes0163-3, emma0001-22",fecit,NOUN,w-fecit,None,,,,,,,,,,,,,,,,,,,,,,,,,,,,,,,,,
felici,kara0001-8,felicus,PROPN,w-felici,None,,,,,,,,,,,,,,,,,,,,,,,,,,,,,,,,,
Felici,"ashk0003a-16, bshe0006-11, caes0006-7, caes0009-13, caes0014-10, caes0017-10, caes0106-8, caes0107-12",felix,PROPN,w-felici,Case=ablative|Gender=masculine|Number=singular,,,y,m,other,Felix,,,,,,,,,,,,,,,,,,,,,,,,,,,
felici,"ashk0003a-16, bshe0006-11, caes0006-7, caes0009-13, caes0014-10, caes0017-10, caes0106-8, caes0107-12",felix,ADJ,w-felici,Case=ablative|Gender=masculine|Number=singular,,,y,m,other,Felix,,,,,,,,,,,,,,,,,,,,,,,,,,,
felicia,caes0683-5,felix,ADJ,w-felicia,Case=nominative|Gender=neuter|Number=plural,,,y,m,other,Felix,,,,,,,,,,,,,,,,,,,,,,,,,,,
felicibus,ashk0003b-13,felix,ADJ,w-felicibus,Case=ablative|Number=plural,,,y,m,other,Felix,,,,,,,,,,,,,,,,,,,,,,,,,,,
felicissimo,caes0009-1,felicissimus,PROPN,w-felicissimo,None,,,,,,,,,,,,,,,,,,,,,,,,,,,,,,,,,
feliciter,bshe0006-26,feliciter,NOUN,w-feliciter,None,,,,,,,,,,,,,,,,,,,,,,,,,,,,,,,,,
felix,unkn0131-7,felix,ADJ,w-felix,Case=accusative|Gender=neuter|Number=singular,,,y,m,other,Felix,,,,,,,,,,,,,,,,,,,,,,,,,,,
Fermilianus,bshe0006-16,Fermilianus,PROPN,w-fermilianus,None,,,y,m,other,Fermilianus,,,,,,,,,,,,,,,,,,,,,,,,,,,
ferrata,megi0002-23,ferrata,PROPN,w-ferrata,None,,,,,,,,,,,y,unitname,,,,,,,,,,,,,,,,,,,,,
ferratae,"caes0146-8, gado0001-4",ferrata,PROPN,w-ferratae,None,,,,,,,,,,,y,unitname,,,,,,,,,,,,,,,,,,,,,
ferratae,"caes0049-9, caes0054-10",ferratae,NOUN,w-ferratae,None,,,,,,,,,,,y,unitname,,,,,,,,,,,,,,,,,,,,,
fidelis,caes0146-9,fidelis,ADJ,w-fidelis,Case=accusative|Gender=masculine|Number=plural,,,,,,,,,,,y,unitname,,,,,,,,,,,,,,,,,,,,,
fili,bani0003-9,filius,NOUN,w-fili,Case=nominative|Gender=masculine|Number=plural,,,,,,,,,,,,,,,y,son,,,,,,,,,,,,,,,,,
filia,caes0032-9,filia,NOUN,w-filia,Case=ablative|Gender=feminine|Number=singular,,,,,,,,,,,,,,,y,daughter,,,,,,,,,,,,,,,,,
filio,"ashk0003a-7, caes0106-18, caes0107-6, jeru0554-6, kara0001-18, tsha0002-6",filius,NOUN,w-filio,Case=ablative|Gender=masculine|Number=singular,,,,,,,,,,,,,,,y,son,,,,,,,,,,,,,,,,,
filius,"achz0001-5, caes0148-14, cape0001-6, emma0001-3, jeru0494-10, nabl0001-6, unkn0130-5",filius,NOUN,w-filius,Case=nominative|Gender=masculine|Number=singular,,,,,,,,,,,,,,,y,son,,,,,,,,,,,,,,,,,
Flavia,caes0024-1,Flauia,PROPN,w-flavia,None,,,y,f,other,Flavia,,,,,,,,,,,,,,,,,,,,,,,,,,,
Flaviae,"caes0003-8, caes0044-3, nabl0001-13",Flavia,PROPN,w-flaviae,None,,,y,f,other,Flavia,,,,,,,,,,,,,,,,,,,,,,,,,,,
Flavianus,caes0031-8,flauianus,PROPN,w-flavianus,None,,,y,m,other,Flavianus,,,,,,,,,,,,,,,,,,,,,,,,,,,
Flavii,"caes0030-1, caes0146-3",flauius,PROPN,w-flavii,None,,,y,m,other,Flavius,,,,,,,,,,,,,,,,,,,,,,,,,,,
Flavio,"caes0002-2, caes0010-17, caes0017-6",flauius,PROPN,w-flavio,None,,,y,m,other,Flavius,,,,,,,,,,,,,,,,,,,,,,,,,,,
Flavium,caes0003-2,flauius,PROPN,w-flavium,None,,,y,m,other,Flavius,,,,,,,,,,,,,,,,,,,,,,,,,,,
Flavius,caes0018-11,flauius,PROPN,w-flavius,None,,,y,m,other,Flavius,,,,,,,,,,,,,,,,,,,,,,,,,,,
fortis,caes0047-10,fortis,NOUN,w-fortis,Case=accusative|Gender=masculine|Number=plural,,,,,,,,,,,y,unitname,,,,,,,,,,,,,,,,,,,,,
fortissimo,bshe0006-1,fortus,ADJ,w-fortissimo,None,,,,,,,,,,,,,,,,,,,,,,,,,,,,,,,,,
fortissimo,"caes0014-1, caes0017-1",fortis,ADJ,w-fortissimo,Case=ablative|Gender=masculine|Degree=superlative|Number=singular,,,,,,,,,,,,,,,,,,,,,,,,,,,,,,,,,
Francico,maay0001-20,Francico,PROPN,w-francico,None,,,,,,,,,,,,,y,French,,,,,,,,,,,,,,,,,,,
fratri,nabl0001-22,frater,NOUN,w-fratri,Case=dative|Gender=masculine|Number=singular,,,,,,,,,,,,,,,y,brother,,,,,,,,,,,,,,,,,
fratribus,ashk0003b-3,frater,NOUN,w-fratribus,Case=ablative|Gender=masculine|Number=plural,,,,,,,,,,,,,,,y,brother,,,,,,,,,,,,,,,,,
fretensis,"caes0018-15, caes0031-12, caes0045-8, caes0048-4, caes0050-3, caes0051-11, caes0052-11, caes0053-8, caes0146-16, caes0148-9, caes0349-3, caes0529-3, jeru0491-16, jeru0535-3, jeru0536-3, jeru0554-24, masa0937-3",fretensis,ADJ,w-fretensis,None,,,,,,,,,,,y,unitname,,,,,,,,,,,,,,,,,,,,,
fretensis,"caes0018-15, caes0031-12, caes0045-8, caes0048-4, caes0050-3, caes0051-11, caes0052-11, caes0053-8, caes0146-16, caes0148-9, caes0349-3, caes0529-3, jeru0491-16, jeru0535-3, jeru0536-3, jeru0554-24, masa0937-3",fretensis,PROPN,w-fretensis,None,,,,,,,,,,,y,unitname,,,,,,,,,,,,,,,,,,,,,
fretensis,"caes0018-15, caes0031-12, caes0045-8, caes0048-4, caes0050-3, caes0051-11, caes0052-11, caes0053-8, caes0146-16, caes0148-9, caes0349-3, caes0529-3, jeru0491-16, jeru0535-3, jeru0536-3, jeru0554-24, masa0937-3",fretensis,NOUN,w-fretensis,None,,,,,,,,,,,y,unitname,,,,,,,,,,,,,,,,,,,,,
frumentariorum,caes0683-3,frumentarior,NOUN,w-frumentariorum,None,,,,,,,,y,military,frumentarior,y,rank,,,,,,,,,,,,,,,,,,,,,
fulminatae,caes0119-7,fulminata,PROPN,w-fulminatae,None,,,,,,,,,,,y,unitname,,,,,,,,,,,,,,,,,,,,,
furio,caes0007-2,furius,PROPN,w-furio,None,,,,,,,,,,,,,,,,,,,,,,,,,,,,,,,,,
gaetulorum,unkn0130-41,gaetuli,PROPN,w-gaetulorum,None,,,,,,,,,,,,,,,,,,,,,,,,,,,,,,,,,
Gaio,"ashk0003b-4, caes0106-12",gaius,PROPN,w-gaio,None,,,y,m,other,Caius,,,,,,,,,,,,,,,,,,,,,,,,,,,
Galerio,"bshe0006-7, caes0014-6",galerius,PROPN,w-galerio,None,,,y,m,other,Galerius,,,,,,,,,,,,,,,,,,,,,,,,,,,
garum,masa0826-1,gae,PROPN,w-garum,None,,,,,,,,,,,,,,,,,,,,,,,,,,,y,food,,,,,
Gemonnea,bshe0156-1,Gemonneus,PROPN,w-gemonnea,None,,,,,,,,,,,,,,,,,y,Gemona,https://pleiades.stoa.org/places/187394,,,,,,,,,,y,genius,,,
Genio,caes0683-2,genius,PROPN,w-genio,Case=ablative|Gender=masculine|Number=singular,y,genius,,,,,,,,,,,,,,,,,,,,,,,,,,,y,genius,,,
Geniu,jeru0495-5,Geniu,PROPN,w-geniu,None,y,genius,,,,,,,,,,,,,,,,,,,,,,,,,,,,,,,
genus,maay0001-29,genus,NOUN,w-genus,Case=nominative|Gender=masculine|Number=singular,,,,,,,,,,,,,,,,,,,,,,,,,,,,,,,,,
Germanicus,unkn0130-8,germanicus,PROPN,w-germanicus,None,,,y,m,other,Germanicus,,,,,,,y,German,,,,,,,,,,,,,,,,,,,
Gordiano,caes0107-5,gordianus,PROPN,w-gordiano,None,,,y,m,other,Gordian,,,,,,,,,,,,,,,,,,,,,,,,,,,
h,masa0941-27,h,X,w-h,None,,,,,,,,,,,,,,,,,,,,,,,,,,,,,,,,,
Hadriano,"caes0045-3, caes0047-4, caes0049-4, caes0053-3, jeru0497-5, jeru0554-11, tsha0002-11",hadrianus,PROPN,w-hadriano,None,,,y,m,other,Hadrianus,,,,,,,,,,,,,,,,,,,,,,,,,,,
Hadrianus,"caes0051-4, caes0052-4, caes0054-4, cape0001-11",Hadrianus,PROPN,w-hadrianus,None,,,y,m,other,Hadrianus,,,,,,,,,,,,,,,,,,,,,,,,,,,
haeres,nabl0002-10,haereo,VERB,w-haeres,Mood=indicative|Number=singular|Person=2nd|Tense=present|Voice=active,,,,,,,,,,,,,,,y,heir,,,,,,,,,,,,,,,,,
heredes,caes0146-28,heres,NOUN,w-heredes,Case=accusative|Gender=masculine|Number=plural,,,,,,,,,,,,,,,y,heir,,,,,,,,,,,,,,,,,
heres,emma0001-21,ho,VERB,w-heres,None,,,,,,,,,,,,,,,y,heir,,,,,,,,,,,,,,,,,
heres,caes0044-11,heres,NOUN,w-heres,Case=nominative|Gender=masculine|Number=singular,,,,,,,,,,,,,,,y,heir,,,,,,,,,,,,,,,,,
Herinnius,masa0829-2,Herinnius,PROPN,w-herinnius,None,,,y,m,other,Herennius,,,,,,,,,,,,,,,,,,,,,,,,,,,
Hestia,haif0020a-3,Hestia,PROPN,w-hestia,None,y,Hestia,,,,,,,,,,,,,,,,,,,,,,,,,,,,,,,
hic,emma0001-18,hic,DET,w-hic,Case=nominative|Gender=masculine|Number=singular,,,,,,,,,,,,,,,,,,,,,,,,,,,,,,,,,
Hilarus,caes0146-20,Hilarus,PROPN,w-hilarus,Case=nominative|Gender=masculine|Number=singular,,,y,m,other,Hilarius,,,,,,,,,,,,,,,,,,,,,,,,,,,
honesta,unkn0130-81,honestus,ADJ,w-honesta,Case=nominative|Gender=neuter|Number=plural,,,,,,,,,,,,,,,,,,,,,,,,,,,,,,,,,
honoris,"caes0002-5, caes0031-17",honor,NOUN,w-honoris,Case=genitive|Gender=masculine|Number=singular,,,,,,,,,,,,,,,,,,,,,,,,,,,,,,,,,
iis,unkn0130-22,is,DET,w-iis,Case=dative|Gender=masculine|Number=plural,,,,,,,,,,,,,,,,,,,,,,,,,,,,,,,,,
imperator,"achz0001-1, achz0001-12, caes0051-1, caes0054-1, cape0001-1, jeru0491-1, jeru0491-5, jeru0494-1, jeru0494-5, unkn0130-1, unkn0130-14, unkn0131-1, unkn0131-18",imperator,NOUN,w-imperator,Case=nominative|Gender=masculine|Number=singular,,,,,,,,y,government,emperor,,,,,,,,,,,,,,,,,,,,,,,
imperatore,"caes0045-1, caes0047-1, caes0049-1, caes0052-1, caes0053-1",imperator,NOUN,w-imperatore,Case=ablative|Gender=masculine|Number=singular,,,,,,,,y,government,emperor,,,,,,,,,,,,,,,,,,,,,,,
imperatori,"ashk0003a-1, bshe0006-5, caes0006-1, caes0027-1, caes0027-12, caes0106-1, caes0107-1, jeru0497-1, jeru0554-1, kara0001-1, tsha0002-1, tsha0002-18",imperator,NOUN,w-imperatori,Case=dative|Gender=masculine|Number=singular,,,,,,,,y,government,emperor,,,,,,,,,,,,,,,,,,,,,,,
imperatoribus,ashk0003b-1,imperator,NOUN,w-imperatoribus,Case=ablative|Gender=masculine|Number=plural,,,,,,,,y,government,emperor,,,,,,,,,,,,,,,,,,,,,,,
imperatoris,"jeru0495-3, megi0002-12",imperator,NOUN,w-imperatoris,Case=genitive|Gender=masculine|Number=singular,,,,,,,,y,government,emperor,,,,,,,,,,,,,,,,,,,,,,,
imperium,maay0001-31,imperium,NOUN,w-imperium,Case=genitive|Gender=neuter|Number=plural,,,,,,,,,,,,,,,,,,,,,,,,,,,,,,,,,
in,"unkn0130-28, unkn0130-68",in,ADP,w-in,None,,,,,,,,,,,,,,,,,,,,,,,,,,,,,,,,,
incolumitate,megi0002-9,incolumitas,NOUN,w-incolumitate,Case=ablative|Gender=feminine|Number=singular,,,,,,,,,,,,,,,,,,,,,,,,,,,,,,,,,
invictis,ashk0003b-14,imuictus,ADJ,w-invictis,None,,,,,,,,,,,,,,,,,,,,,,,,,,,,,,,,,
invicto,"caes0014-11, caes0017-11",inuictus,ADJ,w-invicto,None,,,,,,,,,,,,,,,,,,,,,,,,,,,,,,,,,
invicto,"ashk0003a-17, bshe0006-13, caes0006-8, caes0009-14, caes0354-1",invictus,ADJ,w-invicto,Case=ablative|Gender=neuter|Number=singular,,,,,,,,,,,,,,,,,,,,,,,,,,,,,,,,,
Iosepus,masa0936-1,Iosepus,PROPN,w-iosepus,None,,,y,m,Jewish,Josephus,,,,,,,,,,,,,,,,,,,,,,,,,,,
ipsis,unkn0130-87,ipse,DET,w-ipsis,Case=ablative|Gender=feminine|Number=plural,,,,,,,,,,,,,,,,,,,,,,,,,,,,,,,,,
Isidi,megi0002-1,isis,PROPN,w-isidi,None,y,Isis,,,,,,,,,,,,,,,,,,,,,,,,,,,,,,,
Isidorianus,megi0002-27,Isidorianus,PROPN,w-isidorianus,None,,,y,m,other,Isidorianus,,,,,,,,,,,,,,,,,,,,,,,,,,,
Italico,caes0145-3,Italiquus,ADJ,w-italico,None,,,y,m,other,Italiquus,,,,,,,y,Italian,,,,,,,,,,,,,,,,,,,
Iudaea,unkn0130-69,iudaea,PROPN,w-iudaea,None,,,,,,,,,,,,,,,,,y,Judaea,https://pleiades.stoa.org/places/981527,,,,,,,,,,,,,,
Iudaeae,caes0043-6,Iudaea,PROPN,w-iudaeae,None,,,,,,,,,,,,,,,,,y,Judaea,https://pleiades.stoa.org/places/981527,,,,,,,,,,,,,,
Iulia,caes0032-4,iulius,ADJ,w-iulia,None,,,y,m,other,Julius,,,,,,,,,,,,,,,,,,,,,,,,,,,
Iuliano,caes0011-2,iulianus,PROPN,w-iuliano,None,,,y,m,other,Julianus,,,,,,,,,,,,,,,,,,,,,,,,,,,
Iulianus,caes0148-13,iulianus,PROPN,w-iulianus,None,,,y,m,other,Julianus,,,,,,,,,,,,,,,,,,,,,,,,,,,
Iulii,caes0032-5,iulius,PROPN,w-iulii,None,,,y,m,other,Julius,,,,,,,,,,,,,,,,,,,,,,,,,,,
Iulio,"caes0018-2, caes0106-4, caes0106-13, kara0001-4, kara0001-13",iulius,PROPN,w-iulio,None,,,y,m,other,Julius,,,,,,,,,,,,,,,,,,,,,,,,,,,
Iulius,"caes0119-2, caes0148-4, caes0148-12, megi0002-26",iulius,PROPN,w-iulius,None,,,y,m,other,Julius,,,,,,,,,,,,,,,,,,,,,,,,,,,
iussit,caes0044-13,iubeo,VERB,w-iussit,None,,,,,,,,,,,,,,,,,,,,,,,,,,,,,,,,,
Iustinus,caes0007-7,Iustinus,PROPN,w-iustinus,None,,,y,m,other,Justinus,,,,,,,,,,,,,,,,,,,,,,,,,,,
iuventutis,"caes0014-4, caes0017-4",iuuentus,NOUN,w-iuventutis,None,,,y,m,other,Juventus,,,,,,,,,,,,,,,,,,,,,,,,,,,
ivimus,jeru0306-2,ivo,VERB,w-ivimus,None,,,,,,,,,,,,,,,,,,,,,,,,,,,,,,,,,
Lati,caes0062-5,latium,PROPN,w-lati,None,,,,,,,,,,,,,y,tribe,,,,,,,,,,,,,,,,,,,
legato,"achz0001-21, caes0018-4, caes0020-1, caes0021-4, caes0022-2, caes0031-2, caes0034-1, caes0034-3, caes0035-2, jeru0494-14",legatus,NOUN,w-legato,Case=ablative|Gender=masculine|Number=singular,,,,,,,,y,military,legate,y,rank,,,,,,,,,,,,,,,,,,,,,
legio,"jeru0554-22, masa0853-1, masa0937-1, megi0002-21",legio,NOUN,w-legio,Case=nominative|Gender=feminine|Number=singular,,,,,,,,,,,y,legion,,,,,,,,,,,,,,,,,,,,,
legio,"jeru0554-22, masa0853-1, masa0937-1, megi0002-21",legio,PROPN,w-legio,Case=nominative|Gender=feminine|Number=singular,,,,,,,,,,,y,legion,,,,,,,,,,,,,,,,,,,,,
legio,"caes0529-1, jeru0535-1, jeru0536-1",legium,PROPN,w-legio,None,,,,,,,,,,,y,legion,,,,,,,,,,,,,,,,,,,,,
legionis,"caes0021-5, caes0034-2, caes0035-5, caes0045-6, caes0046-2, caes0047-7, caes0048-2, caes0049-7, caes0050-1, caes0051-9, caes0052-9, caes0053-6, caes0054-8, caes0119-5, caes0146-6, caes0146-14, caes0148-7, caes0349-1, caes0350-3, emma0001-8, nabl0001-11",legio,NOUN,w-legionis,Case=genitive|Gender=feminine|Number=singular,,,,,,,,,,,y,legion,,,,,,,,,,,,,,,,,,,,,
legionis,caes0031-10,legionus,NOUN,w-legionis,None,,,,,,,,,,,y,legion,,,,,,,,,,,,,,,,,,,,,
legionis,jeru0491-14,legion,PROPN,w-legionis,None,,,,,,,,,,,y,legion,,,,,,,,,,,,,,,,,,,,,
liberatori,maay0001-3,liberatus,NOUN,w-liberatori,None,,,,,,,,,,,,,,,y,freedperson,,,,,,,,,,,,,,,,,
liberis,unkn0130-88,liberi,NOUN,w-liberis,Case=ablative|Gender=masculine|Number=plural,,,,,,,,,,,,,,,,,,,,,,,,,,,,,,,,,
liberti,caes0146-25,libertus,NOUN,w-liberti,Case=nominative|Gender=masculine|Number=plural,,,,,,,,,,,,,,,y,freedperson,,,,,,,,,,,,,,,,,
liberto,caes0002-4,libertus,NOUN,w-liberto,Case=ablative|Gender=neuter|Number=singular,,,,,,,,,,,,,,,y,freedperson,,,,,,,,,,,,,,,,,
Livi,masa0948-1,liuius,PROPN,w-livi,None,,,y,m,other,Livius,,,,,,,,,,,,,,,,,,,,,,,,,,,
Longinus,nabl0001-8,longinus,PROPN,w-longinus,None,,,y,m,other,Livius,,,,,,,,,,,,,,,,,,,,,,,,,,,
Lucilio,jeru0494-12,lucilius,PROPN,w-lucilio,None,,,y,m,other,Lucilius,,,,,,,,,,,,,,,,,,,,,,,,,,,
Lucius,jeru0491-10,lucius,PROPN,w-lucius,Case=nominative|Gender=masculine|Number=singular,,,y,m,other,Lucius,,,,,,,,,,,,,,,,,,,,,,,,,,,
ludis,caes0122-6,ludus,NOUN,w-ludis,Case=ablative|Gender=masculine|Number=plural,,,,,,,,,,,,,,,,,,,,,,,y,ludus,,,,,,,,,
lusitanorum,unkn0130-45,lusitani,PROPN,w-lusitanorum,None,,,,,,,,,,,,,,,,,,,,,,,,,,,,,,,,,
Macedonicae,emma0001-10,macedonicus,ADJ,w-macedonicae,None,,,,,,,,,,,y,unitname,y,Macedonian,,,,,,,,,,,,,,,,,,,
magnum,megi0002-19,magnus,PROPN,w-magnum,Case=genitive|Gender=neuter|Number=plural,,,,,,,,,,,,,,,,,,,,,,,,,,,,,,,,,
magnus,caes0119-3,magnus,PROPN,w-magnus,Case=nominative|Gender=masculine|Number=singular,,,,,,,,,,,,,,,,,,,,,,,,,,,,,,,,,
maiestati,caes0019-5,maiestas,NOUN,w-maiestati,None,,,,,,,,,,,,,,,,,,,,,,,,,,,,,,,,,
maiestatique,"bshe0006-22, caes0006-16, caes0014-23, caes0017-23, caes0029-3",maiestatus,NOUN,w-maiestatique,None,,,,,,,,,,,,,,,,,,,,,,,,,,,,,,,,,
maioris,ashk0003a-5,magnus,ADJ,w-maioris,Case=genitive|Gender=masculine|Degree=comparative|Number=singular,,,,,,,,,,,,,,,,,,,,,,,,,,,,,,,,,
manibus,nabl0002-2,manus,NOUN,w-manibus,Case=ablative|Gender=feminine|Number=plural,y,chthonic,,,,,,,,,,,,,,,,,,,,,,,,,,,,,,,
Manibus,"caes0146-2, nabl0001-2",manes,PROPN,w-manibus,None,y,chthonic,,,,,,,,,,,,,,,,,,,,,,,,,,,,,,,
Manibus,caes0160-2,manibus,ADV,w-manibus,None,y,chthonic,,,,,,,,,,,,,,,,,,,,,,,,,,,,,,,
Marci,"bani0003-2, masa0949-1, masa0950-1",marcus,PROPN,w-marci,Case=nominative|Gender=masculine|Number=plural,,,y,m,other,Marcus,,,,,,,,,,,,,,,,,,,,,,,,,,,
Marco,"ashk0003a-12, ashk0003b-8, caes0009-8, caes0107-3",marcus,PROPN,w-marco,Case=ablative|Gender=masculine|Number=singular,,,y,m,other,Marcus,,,,,,,,,,,,,,,,,,,,,,,,,,,
Marcum,caes0003-1,marcus,PROPN,w-marcum,Case=genitive|Gender=masculine|Number=plural,,,y,m,other,Marcus,,,,,,,,,,,,,,,,,,,,,,,,,,,
Marcus,"caes0018-10, masa0829-1, unkn0131-3",marcus,PROPN,w-marcus,Case=nominative|Gender=masculine|Number=singular,,,y,m,other,Marcus,,,,,,,,,,,,,,,,,,,,,,,,,,,
Marini,caes0164-2,marinus,PROPN,w-marini,Case=nominative|Gender=masculine|Number=plural,,,y,m,other,Marinus,,,,,,,,,,,,,,,,,,,,,,,,,,,
MARION,jeru0164-1,MARION,VERB,w-marion,None,,,y,f,other,Miriam,,,,,,,,,,,,,,,,,,,,,,,,,,,
maritus,caes0148-10,maritus,NOUN,w-maritus,Case=nominative|Gender=masculine|Number=singular,,,,,,,,,,,,,,,y,husband,,,,,,,,,,,,,,,,,
mater,caes0044-9,mater,NOUN,w-mater,Case=nominative|Gender=feminine|Number=singular,,,,,,,,,,,,,,,y,mother,,,,,,,,,,,,,,,,,
Mauretana,unkn0130-38,Mauretanus,ADJ,w-mauretana,None,,,,,,,,,,,,,y,Mauretanian,,,,,,,,,,,,,,,,,,,
maurorum,nabl0002-6,mauri,PROPN,w-maurorum,None,,,,,,,,,,,y,unitname,,,,,,,,,,,,,,,,,,,,,
Maximiano,"ashk0003b-11, bshe0006-9, caes0009-11, caes0014-8",maximianus,PROPN,w-maximiano,None,,,y,m,other,Maximianus,,,,,,,,,,,,,,,,,,,,,,,,,,,
Maximianus,"yotv0001-6, yotv0001-11",maximianus,PROPN,w-maximianus,None,,,y,m,other,Maximianus,,,,,,,,,,,,,,,,,,,,,,,,,,,
Maximino,"caes0106-6, kara0001-6",Maximinus,PROPN,w-maximino,None,,,y,m,other,Maximinus,,,,,,,,,,,,,,,,,,,,,,,,,,,
Maximo,"caes0106-15, kara0001-15, maay0001-25",maximus,PROPN,w-maximo,Case=ablative|Gender=neuter|Number=singular,,,y,m,other,Maximus,,,,,,,,,,,,,,,,,,,,,,,,,,,
maximo,"caes0027-6, jeru0554-14, maay0001-19, maay0001-21, maay0001-23, tsha0002-14",magnus,ADJ,w-maximo,Case=ablative|Gender=neuter|Number=singular,,,,,,,,,,,,,,,,,,,,,,,,,,,,,,,,,
maximus,"achz0001-9, unkn0130-10, unkn0131-10, unkn0131-12, unkn0131-14",magnus,ADJ,w-maximus,Case=nominative|Gender=masculine|Number=singular,,,,,,,,,,,,,,,,,,,,,,,,,,,,,,,,,
merenti,nabl0002-12,mereor,VERB,w-merenti,Case=ablative|Gender=masculine|Mood=participle|Number=singular|Tense=present,,,,,,,,,,,,,,,,,,,,,,,,,,,,,,,,,
merenti,"caes0163-2, nabl0001-24",merens,ADJ,w-merenti,None,,,,,,,,,,,,,,,,,,,,,,,,,,,,,,,,,
merenti,caes0018-20,merenti,X,w-merenti,None,,,,,,,,,,,,,,,,,,,,,,,,,,,,,,,,,
meritis,caes0031-16,meritum,NOUN,w-meritis,Case=ablative|Gender=neuter|Number=plural,,,,,,,,,,,,,,,,,,,,,,,,,,,,,,,,,
merverant,unkn0130-79,mereo,VERB,w-merverant,None,,,,,,,,,,,,,,,,,,,,,,,,,,,,,,,,,
Mesopotamiae,caes0010-6,mesopotamia,PROPN,w-mesopotamiae,None,,,,,,,,,,,,,,,,,y,Mesopotamia,https://pleiades.stoa.org/errata/1001936,,,,,,,,,,,,,,
metropolis,"caes0010-10, caes0010-23, caes0011-9",metropolis,NOUN,w-metropolis,Case=accusative|Gender=feminine|Number=plural,,,,,,,,,,,,,,,,,y,generic,,,,,,,,,,,,,,,
miles,"emma0001-7, nabl0001-10",miles,NOUN,w-miles,Case=nominative|Gender=masculine|Number=singular,,,,,,,,,,,y,rank,,,,,,,,,,,,,,,,,,,,,
milia,ashk0003a-25,mille,NUM,w-milia,Case=accusative|Gender=neuter|Number=plural,,,,,,,,,,,,,,,,,,,,,,,,,y,length,,,,,,,
militaverunt,unkn0130-24,milito,VERB,w-militaverunt,Mood=indicative|Number=plural|Person=3rd|Tense=perfect|Voice=active,,,,,,,,,,,y,generic,,,,,,,,,,,,,,,,,,,,,
militavit,emma0001-15,milito,VERB,w-militavit,Mood=indicative|Number=singular|Person=3rd|Tense=perfect|Voice=active,,,,,,,,,,,y,generic,,,,,,,,,,,,,,,,,,,,,
milliaria,unkn0130-52,milliaria,NOUN,w-milliaria,None,,,,,,,,,,,y,unitname,,,,,,,,,,,,,,,,,,,,,
missione,unkn0130-82,missio,NOUN,w-missione,Case=ablative|Gender=feminine|Number=singular,,,,,,,,,,,y,generic,,,,,,,,,,,,,,,,,,,,,
mitia,haif0020a-7,mitis,ADJ,w-mitia,Case=nominative|Gender=neuter|Number=plural,,,,,,,,,,,,,,,,,,,,,,,,,,,,,,,,,
Nepos,cape0001-9,nepos,PROPN,w-nepos,Case=nominative|Gender=masculine|Number=singular,,,y,m,other,Nepos,,,,,,,,,,,,,,,,,,,,,,,,,,,
nepot,masa0947-1,nepot,VERB,w-nepot,None,,,,,,,,,,,,,,,,,,,,,,,,,,,,,,,,,
nepoti,"ashk0003a-11, jeru0554-9, tsha0002-9",nepos,NOUN,w-nepoti,Case=dative|Gender=masculine|Number=singular,,,,,,,,,,,,,,,y,grandson,,,,,,,,,,,,,,,,,
Nervae,"cape0001-8, jeru0554-8, tsha0002-8",nerua,PROPN,w-nervae,None,,,y,m,other,Nerva,,,,,,,,,,,,,,,,,,,,,,,,,,,
nobilissimi,yotv0001-12,nobilis,ADJ,w-nobilissimi,Case=nominative|Gender=masculine|Degree=superlative|Number=plural,,,,,,,,,,,,,,,,,,,,,,,,,,,,,,,,,
Nobilissimo,kara0001-16,Nobilissimus,PROPN,w-nobilissimo,None,,,y,m,other,Nobilissimus,,,,,,,,,,,,,,,,,,,,,,,,,,,
nobilissimo,"caes0014-12, caes0017-12, caes0106-16",nobilis,ADJ,w-nobilissimo,Case=ablative|Gender=masculine|Degree=superlative|Number=singular,,,,,,,,,,,,,,,,,,,,,,,,,,,,,,,,,
nomina,unkn0130-84,nomen,NOUN,w-nomina,Case=nominative|Gender=neuter|Number=plural,,,y,,other,generic,,,,,,,,,,,,,,,,,,,,,,,,,,,
Nostius,masa0831-2,Nostius,PROPN,w-nostius,None,,,y,,other,Nostius,,,,,,,,,,,,,,,,,,,,,,,,,,,
nostri,"caes0011-7, kara0001-20, megi0002-11",noster,DET,w-nostri,Case=nominative|Gender=masculine|Number=plural,,,,,,,,,,,,,,,,,,,,,,,,,,,,,,,,,
nostri,caes0106-20,nostri,NUM,w-nostri,None,,,,,,,,,,,,,,,,,,,,,,,,,,,,,,,,,
nostro,"bshe0006-4, caes0009-7, caes0106-10, kara0001-10, maay0001-14",noster,DET,w-nostro,Case=ablative|Gender=neuter|Number=singular,,,,,,,,,,,,,,,,,,,,,,,,,,,,,,,,,
novo,tsha0001-10,nouus,ADJ,w-novo,None,,,,,,,,,,,,,,,,,,,,,,,,,,,,,,,,,
numini,"bshe0006-21, caes0006-15, caes0014-22, caes0017-22, caes0019-4, caes0029-2",numen,NOUN,w-numini,Case=dative|Gender=neuter|Number=singular,y,numen,,,,,,,,,,,,,,,,,,,,,,,,,,,y,numen,,,
ob,maay0001-30,ob,ADP,w-ob,None,,,,,,,,,,,,,,,,,,,,,,,,,,,,,,,,,
Octavii,"masa0949-2, masa0950-2",octauius,PROPN,w-octavii,None,,,y,m,other,Octavius,,,,,,,,,,,,,,,,,,,,,,,,,,,
oeorum,unkn0130-90,oeor,NOUN,w-oeorum,None,,,,,,,,,,,,,,,,,,,,,,,,,,,,,,,,,
offici,caes0682-4,officium,NOUN,w-offici,Case=nominative|Gender=neuter|Number=plural,,,,,,,,y,other,generic,,,,,,,,,,,,,,,,,,,,,,,
omnia,"caes0683-4, haif0020a-8",omnis,DET,w-omnia,Case=nominative|Gender=neuter|Number=plural,,,,,,,,,,,,,,,,,,,,,,,,,,,,,,,,,
Oppius,emma0001-2,oppius,PROPN,w-oppius,None,,,y,m,other,Oppius,,,,,,,,,,,,,,,,,,,,,,,,,,,
optimae,caes0148-3,bonus,ADJ,w-optimae,Case=nominative|Gender=feminine|Number=plural,,,,,,,,,,,,,,,,,,,,,,,,,,,,,,,,,
optimo,"caes0018-18, caes0037-2",bonus,X,w-optimo,Case=ablative|Gender=neuter|Number=singular,,,,,,,,,,,,,,,,,,,,,,,,,,,,,,,,,
optimo,"caes0018-18, caes0037-2",bonus,ADJ,w-optimo,Case=ablative|Gender=neuter|Number=singular,,,,,,,,,,,,,,,,,,,,,,,,,,,,,,,,,
optio,emma0001-11,optium,NOUN,w-optio,None,,,,,,,,y,military,optio,y,rank,,,,,,,,,,,,,,,,,,,,,
oratorem,caes0003-11,orator,NOUN,w-oratorem,Case=accusative|Gender=masculine|Number=singular,,,,,,,,,,,,,,,,,,,,,,,y,orator,,,,,,,,,
orbis,maay0001-2,orbis,NOUN,w-orbis,Case=accusative|Gender=masculine|Number=plural,,,,,,,,,,,,,,,,,y,generic,,,,,,,,,,,,,,,
Osrhoenae,caes0010-8,Osrhoena,PROPN,w-osrhoenae,None,,,,,,,,,,,,,,,,,y,Osroene,https://pleiades.stoa.org/places/1001935,,,,,,,,,,,,,,
ostio,yotv0001-16,ostium,NOUN,w-ostio,Case=ablative|Gender=neuter|Number=singular,,,,,,,,,,,,,,,,,,,,,,,,,,,,,,,,,
paci,yotv0001-2,pax,NOUN,w-paci,Case=dative|Gender=feminine|Number=singular,,,,,,,,,,,,,,,,,,,,,,,,,,,,,,,,,
Palaestinae,"bshe0006-20, caes0009-22, caes0014-20, caes0017-20, caes0022-7, caes0032-3, caes0033-5, caes0036-3",palaestinus,ADJ,w-palaestinae,None,,,,,,,,,,,,,,,,,y,Palestine,https://pleiades.stoa.org/places/991396,,,,,,,,,,,,,,
Palaestinae,caes0351-2,Palaestina,PROPN,w-palaestinae,None,,,,,,,,,,,,,,,,,y,Palestine,https://pleiades.stoa.org/places/991396,,,,,,,,,,,,,,
Palaestinae,"caes0018-9, caes0020-7, yotv0001-24",Palaestinus,ADJ,w-palaestinae,None,,,,,,,,,,,,,,,,,y,Palestine,https://pleiades.stoa.org/places/991396,,,,,,,,,,,,,,
Parthici,"cape0001-5, jeru0554-5, tsha0002-5",parthicus,ADJ,w-parthici,None,,,,,,,,,,,,,y,Parthian,,,,,,,,,,,,,,,,,,,
Parthicus,unkn0131-9,Parthicus,ADJ,w-parthicus,None,,,,,,,,,,,,,y,Parthian,,,,,,,,,,,,,,,,,,,
passuum,ashk0003a-26,passus,NOUN,w-passuum,Case=genitive|Gender=masculine|Number=plural,,,,,,,,,,,,,,,,,,,,,,,,,,,,,,,,,
pater,"achz0001-14, unkn0130-20, unkn0131-22",pater,NOUN,w-pater,Case=nominative|Gender=masculine|Number=singular,,,,,,,,,,,,,,,y,father,,,,,,,,,,,,,,,,,
patri,"caes0027-7, jeru0497-9, jeru0554-20, maay0001-26, tsha0002-22",pater,NOUN,w-patri,Case=dative|Gender=masculine|Number=singular,,,,,,,,,,,,,,,y,father,,,,,,,,,,,,,,,,,
patriae,"achz0001-15, caes0027-8, jeru0497-10, jeru0554-21, maay0001-27, tsha0002-23, unkn0130-21, unkn0131-23",patria,NOUN,w-patriae,Case=nominative|Gender=feminine|Number=plural,,,,,,,,,,,,,,,,,y,generic,,,,,,,,,,,,,,,
patrono,"caes0010-9, caes0011-8, caes0146-29",patronus,NOUN,w-patrono,Case=ablative|Gender=masculine|Number=singular,,,,,,,,,,,,,,,y,patron,,,,,,,,,,,,,,,,,
pecunia,"caes0003-15, caes0010-14",pecunia,NOUN,w-pecunia,Case=ablative|Gender=feminine|Number=singular,,,,,,,,y,government,pecunia,,,,,,,,,,,,,,,,,,,,,,,
pedes,"caes0062-3, caes0062-7",pes,NOUN,w-pedes,Case=accusative|Gender=masculine|Number=plural,,,,,,,,y,military,pedes,y,rank,,,,,,,,,,,,,,,,,,,,,
pedites,unkn0130-27,pedites,NOUN,w-pedites,None,,,,,,,,y,military,pedes,y,rank,,,,,,,,,,,,,,,,,,,,,
per,"caes0051-7, caes0052-7, caes0054-6, yotv0001-18",per,ADP,w-per,None,,,,,,,,,,,,,,,,,,,,,,,,,,,,,,,,,
perfectissimo,caes0010-4,perfectus,ADJ,w-perfectissimo,None,,,,,,,,,,,,,,,,,,,,,,,,,,,,,,,,,
perfectissimus,"caes0006-12, caes0009-19, caes0014-17, caes0017-17",perfectus,ADJ,w-perfectissimus,None,,,,,,,,,,,,,,,,,,,,,,,,,,,,,,,,,
perpetuae,yotv0001-1,perpetua,PROPN,w-perpetuae,None,,,,,,,,,,,,,,,,,,,,,,,,,,,,,,,,,
perpetuo,maay0001-16,perpetuus,ADJ,w-perpetuo,Case=ablative|Gender=neuter|Number=singular,,,,,,,,,,,,,,,,,,,,,,,,,,,,,,,,,
perpetuus,unkn0130-17,perpetuus,ADJ,w-perpetuus,Case=nominative|Gender=masculine|Number=singular,,,,,,,,,,,,,,,,,,,,,,,,,,,,,,,,,
Phrygum,tsha0001-4,phrygia,PROPN,w-phrygum,None,,,,,,,,,,,y,unitname,y,Phrygia,,,,,,,,,,,,,,,,,,,
pii,"ashk0003a-6, ashk0003a-10",pius,ADJ,w-pii,Case=nominative|Gender=masculine|Number=plural,,,y,m,other,Pius,,,,,,,,,,,,,,,,,,,,,,,,,,,
piis,ashk0003b-12,pius,ADJ,w-piis,Case=ablative|Gender=neuter|Number=plural,,,y,m,other,Pius,,,,,,,,,,,,,,,,,,,,,,,,,,,
piissimo,caes0146-30,pius,ADJ,w-piissimo,Case=ablative|Gender=masculine|Degree=superlative|Number=singular,,,y,m,other,Pius,,,,,,,,,,,,,,,,,,,,,,,,,,,
Pilatus,caes0043-4,pilatus,PROPN,w-pilatus,Case=nominative|Gender=masculine|Number=singular,,,y,m,other,Pilatus,,,,,,,,,,,,,,,,,,,,,,,,,,,
pili,caes0032-8,pilus,NOUN,w-pili,Case=nominative|Gender=masculine|Number=plural,,,,,,,,y,military,centurion,y,rank,,,,,,,,,,,,,,,,,,,,,
pilo,caes0145-5,pilus,NOUN,w-pilo,Case=ablative|Gender=masculine|Number=singular,,,,,,,,y,military,centurion,y,rank,,,,,,,,,,,,,,,,,,,,,
pilus,megi0002-29,pilus,NOUN,w-pilus,Case=nominative|Gender=masculine|Number=singular,,,,,,,,y,military,centurion,y,rank,,,,,,,,,,,,,,,,,,,,,
Pio,"ashk0003a-15, bshe0006-10, caes0006-6, caes0009-12, caes0014-9, caes0017-9, caes0106-7, caes0107-11, jeru0497-8, kara0001-7",pius,PROPN,w-pio,Case=ablative|Gender=neuter|Number=singular,,,y,m,other,Pius,,,,,,,,,,,,,,,,,,,,,,,,,,,
pio,"ashk0003a-15, bshe0006-10, caes0006-6, caes0009-12, caes0014-9, caes0017-9, caes0106-7, caes0107-11, jeru0497-8, kara0001-7",pius,ADJ,w-pio,Case=ablative|Gender=neuter|Number=singular,,,y,m,other,Pius,,,,,,,,,,,,,,,,,,,,,,,,,,,
pius,unkn0131-6,pius,ADJ,w-pius,Case=nominative|Gender=masculine|Number=singular,,,y,m,other,Pius,,,,,,,,,,,,,,,,,,,,,,,,,,,
Pomponio,unkn0130-72,pomponius,PROPN,w-pomponio,None,,,y,m,other,Pomponius,,,,,,,,,,,,,,,,,,,,,,,,,,,
Pomponius,tsha0001-5,pomponius,PROPN,w-pomponius,None,,,y,m,other,Pomponius,,,,,,,,,,,,,,,,,,,,,,,,,,,
pontes,"ashk0003a-23, unkn0131-27",pons,NOUN,w-pontes,Case=accusative|Gender=masculine|Number=plural,,,,,,,,,,,,,,,,,,,,,,,,,,,y,travel,,,,,
pontifex,"achz0001-8, unkn0130-9, unkn0131-13",pontifex,NOUN,w-pontifex,Case=nominative|Gender=masculine|Number=singular,,,,,,,,,,,,,,,,,,,,,,,y,priest,,,,,,,,,
pontificem,caes0003-4,pontifex,NOUN,w-pontificem,Case=accusative|Gender=masculine|Number=singular,,,,,,,,,,,,,,,,,,,,,,,y,priest,,,,,,,,,
pontifici,"caes0027-5, caes0107-14, jeru0497-11, jeru0554-13, maay0001-24, tsha0002-13",pontifex,NOUN,w-pontifici,Case=dative|Gender=masculine|Number=singular,,,,,,,,,,,,,,,,,,,,,,,y,priest,,,,,,,,,
Pontius,caes0043-3,pontius,PROPN,w-pontius,None,,,y,m,other,Pontius,,,,,,,,,,,,,,,,,,,,,,,,,,,
posterisque,unkn0130-89,posterus,ADJ,w-posterisque,Case=ablative|Gender=neuter|Number=plural,,,,,,,,,,,,,,,,,,,,,,,,,,,,,,,,,
posuit,nabl0001-25,pono,VERB,w-posuit,Mood=indicative|Number=singular|Person=3rd|Tense=perfect|Voice=active,,,,,,,,,,,,,,,,,,,,,,,,,,,,,,,,,
Potentis,caes0146-4,Potens,ADJ,w-potentis,Case=accusative|Gender=masculine|Number=plural,,,y,m,other,Potens,,,,,,,,,,,,,,,,,,,,,,,,,,,
potestate,"achz0001-11, caes0027-15, caes0107-16, jeru0554-16, tsha0002-16, unkn0130-12",potestas,NOUN,w-potestate,Case=ablative|Gender=feminine|Number=singular,,,,,,,,y,government,potentate,,,,,,,,,,,,,,,,,,,,,,,
potestatis,"ashk0003a-20, unkn0131-16",potestas,NOUN,w-potestatis,Case=genitive|Gender=feminine|Number=singular,,,,,,,,y,government,potentate,,,,,,,,,,,,,,,,,,,,,,,
praefecti,caes0146-5,praefectus,NOUN,w-praefecti,Case=nominative|Gender=masculine|Number=plural,,,,,,,,y,government,prefect,,,,,,,,,,,,,,,,,,,,,,,
praefecto,"caes0010-5, caes0022-8",praefectus,NOUN,w-praefecto,Case=ablative|Gender=masculine|Number=singular,,,,,,,,y,government,prefect,,,,,,,,,,,,,,,,,,,,,,,
praefectus,jeru0491-12,praefectus,ADJ,w-praefectus,Case=nominative|Gender=masculine|Number=singular,,,,,,,,y,government,prefect,,,,,,,,,,,,,,,,,,,,,,,
praefectus,"caes0043-5, tsha0001-7",praefectus,NOUN,w-praefectus,Case=nominative|Gender=masculine|Number=singular,,,,,,,,y,government,prefect,,,,,,,,,,,,,,,,,,,,,,,
praesentissimum,megi0002-17,praesens,ADJ,w-praesentissimum,Case=genitive|Gender=masculine|Degree=superlative|Number=plural,,,,,,,,,,,,,,,,,,,,,,,,,,,,,,,,,
praeses,"bshe0006-17, caes0009-20, caes0014-18, caes0017-18",praeses,NOUN,w-praeses,None,,,,,,,,y,government,governor,,,,,,,,,,,,,,,,,,,,,,,
praesidis,yotv0001-21,praeses,NOUN,w-praesidis,None,,,,,,,,y,government,governor,,,,,,,,,,,,,,,,,,,,,,,
praetore,"achz0001-24, caes0018-7, caes0020-4, caes0022-5, caes0031-5, caes0034-6, jeru0494-17",praetor,NOUN,w-praetore,Case=ablative|Gender=masculine|Number=singular,,,,,,,,y,government,praetor,,,,,,,,,,,,,,,,,,,,,,,
praetorio,jeru0491-13,praetorius,PROPN,w-praetorio,Case=ablative|Gender=masculine|Number=singular,,,,,,,,y,government,praetor,,,,,,,,,,,,,,,,,,,,,,,
primae,caes0044-2,prima,NOUN,w-primae,None,,,,,,,,,,,y,unitname,,,,,,,,,,,,,,,,,,,,,
primi,caes0032-7,primus,ADJ,w-primi,Case=nominative|Gender=masculine|Number=plural,,,,,,,,,,,,,,,,,,,,,,,,,,,,,,,,,
primo,caes0145-4,primus,ADJ,w-primo,Case=ablative|Gender=neuter|Number=singular,,,,,,,,,,,,,,,,,,,,,,,,,,,,,,,,,
primus,megi0002-28,primus,ADJ,w-primus,Case=nominative|Gender=masculine|Number=singular,,,,,,,,,,,,,,,,,,,,,,,,,,,,,,,,,
principi,"caes0014-5, caes0017-5",principium,NOUN,w-principi,Case=nominative|Gender=neuter|Number=plural,,,,,,,,y,government,princeps,,,,,,,,,,,,,,,,,,,,,,,
principi,caes0009-5,princeps,NOUN,w-principi,Case=dative|Gender=masculine|Number=singular,,,,,,,,y,government,princeps,,,,,,,,,,,,,,,,,,,,,,,
Prisci,yotv0001-20,priscus,PROPN,w-prisci,Case=nominative|Gender=masculine|Number=plural,,,y,m,other,Priscus,,,,,,,,,,,,,,,,,,,,,,,,,,,
Priscus,"caes0014-15, caes0017-15",priscus,PROPN,w-priscus,Case=nominative|Gender=masculine|Number=singular,,,y,m,other,Priscus,,,,,,,,,,,,,,,,,,,,,,,,,,,
pro,"achz0001-23, caes0018-6, caes0020-3, caes0022-4, caes0031-4, caes0031-13, caes0034-5, caes0122-5, jeru0494-16, jeru0495-1, megi0002-6",pro,ADP,w-pro,None,,,,,,,,,,,,,,,,,,,,,,,,,,,,,,,,,
proconsul,unkn0131-24,proconsul,NOUN,w-proconsul,Case=nominative|Gender=masculine|Number=singular,,,,,,,,y,government,proconsul,y,rank,,,,,,,,,,,,,,,,,,,,,
proconsule,caes0107-18,proconsule,NOUN,w-proconsule,None,,,,,,,,y,government,proconsul,y,rank,,,,,,,,,,,,,,,,,,,,,
Procula,caes0032-10,Procula,NUM,w-procula,None,,,y,f,other,Procula,,,,,,,,,,,,,,,,,,,,,,,,,,,
procurator,"caes0006-13, caes0146-17",procurator,NOUN,w-procurator,Case=nominative|Gender=masculine|Number=singular,,,,,,,,y,government,procurator,,,,,,,,,,,,,,,,,,,,,,,
procuratori,"caes0007-4, caes0011-5",procurator,NOUN,w-procuratori,Case=dative|Gender=masculine|Number=singular,,,,,,,,y,government,procurator,,,,,,,,,,,,,,,,,,,,,,,
Protianus,caes0146-12,Protianus,PROPN,w-protianus,None,,,y,m,other,Protianus,,,,,,,,,,,,,,,,,,,,,,,,,,,
providentiam,yotv0001-19,prouidentia,NOUN,w-providentiam,None,y,Providence,,,,,,,,,,,,,,,,,,,,,,,,,,,,,,,
providentissimo,"bshe0006-2, caes0009-3",providentus,ADJ,w-providentissimo,None,y,Providence,,,,,,,,,,,,,,,,,,,,,,,,,,,,,,,
provinciae,"bshe0006-18, caes0009-21, caes0014-19, caes0017-19, caes0020-5, caes0032-1, caes0033-3, yotv0001-22",prouincia,NOUN,w-provinciae,None,,,,,,,,,,,,,,,,,y,generic,,,,,,,,,,,,,,,
publica,caes0010-15,publicus,ADJ,w-publica,Case=nominative|Gender=neuter|Number=plural,,,,,,,,,,,,,,,,,,,,,,,,,,,,,,,,,
publica,caes0003-16,publica,NOUN,w-publica,Case=ablative|Gender=feminine|Number=singular,,,,,,,,,,,,,,,,,,,,,,,,,,,,,,,,,
publicae,maay0001-9,publicus,ADJ,w-publicae,Case=nominative|Gender=feminine|Number=plural,,,,,,,,,,,,,,,,,,,,,,,,,,,,,,,,,
Publius,emma0001-1,publius,PROPN,w-publius,None,,,y,m,other,Publius,,,,,,,,,,,,,,,,,,,,,,,,,,,
quae,unkn0130-34,qui,PRON,w-quae,Case=nominative|Gender=feminine|Number=plural,,,,,,,,,,,,,,,,,,,,,,,,,,,,,,,,,
que,caes0019-6,que,CCONJ,w-que,None,,,,,,,,,,,,,,,,,,,,,,,,,,,,,,,,,
qui,"unkn0130-23, unkn0130-74",qui,PRON,w-qui,Case=nominative|Gender=masculine|Number=plural,,,,,,,,,,,,,,,,,,,,,,,,,,,,,,,,,
quina,unkn0130-75,quinus,ADJ,w-quina,None,,,,,,,,,,,,,,,,,,,,,,,,,,,,,,,,,
Quirina,caes0018-12,quirinus,ADJ,w-quirina,None,,,,,,,,,,,,,y,tribe,,,,,,,,,,,,,,,,,,,
quorum,unkn0130-83,qui,PRON,w-quorum,Case=genitive|Gender=masculine|Number=plural,,,,,,,,,,,,,,,,,,,,,,,,,,,,,,,,,
Ravenna,emma0001-6,Ravena,PROPN,w-ravenna,None,,,,,,,,,,,,,,,,,y,Ravenna,https://pleiades.stoa.org/places/393480,,,,,,,,,,,,,,
recreatori,maay0001-10,recreator,NOUN,w-recreatori,Case=dative|Gender=masculine|Number=singular,,,,,,,,,,,,,,,,,,,,,,,,,,,,,,,,,
refecit,tsha0001-11,reficio,VERB,w-refecit,Mood=indicative|Number=singular|Person=3rd|Tense=perfect|Voice=active,,,,,,,,,,,,,,,,,,,,,,,,,,,,,,,,,
rei,maay0001-8,res,NOUN,w-rei,Case=dative|Gender=feminine|Number=singular,,,,,,,,,,,,,,,,,,,,,,,,,,,,,,,,,
restauratori,maay0001-5,restauratus,NOUN,w-restauratori,None,,,,,,,,,,,,,,,,,,,,,,,,,,,,,,,,,
restituit,ashk0003a-24,restituo,VERB,w-restituit,Mood=indicative|Number=singular|Person=3rd|Tense=present|Voice=active,,,,,,,,,,,,,,,,,,,,,,,,,,,,,,,,,
retituit,unkn0131-28,retituo,VERB,w-retituit,None,,,,,,,,,,,,,,,,,,,,,,,,,,,,,,,,,
Rhodope,caes0160-3,rhodope,PROPN,w-rhodope,None,,,y,f,other,Rhodope,,,,,,,,,,,,,,,,,,,,,,,,,,,
Romani,maay0001-1,romanus,PROPN,w-romani,None,,,,,,,,,,,,,y,Roman,,,,,,,,,,,,,,,,,,,
Romano,"caes0010-20, caes0107-9",romanus,ADJ,w-romano,None,,,,,,,,,,,,,y,Roman,,,,,,,,,,,,,,,,,,,
Romano,"caes0010-20, caes0107-9",romanus,PROPN,w-romano,None,,,,,,,,,,,,,y,Roman,,,,,,,,,,,,,,,,,,,
Rufo,achz0001-20,rufus,PROPN,w-rufo,Case=ablative|Gender=neuter|Number=singular,,,y,m,other,Rufus,,,,,,,,,,,,,,,,,,,,,,,,,,,
sagittariorum,unkn0130-53,sagittarius,NOUN,w-sagittariorum,Case=genitive|Gender=masculine|Number=plural,y,Sagittarius,,,,,,,,,y,unitname,,,,,,,,,,,,,,,,,,,,,
salute,"jeru0495-2, megi0002-7",salus,NOUN,w-salute,Case=ablative|Gender=feminine|Number=singular,,,,,,,,,,,,,,,,,,,,,,,,,,,,,,,,,
salutem,bani0003-1,salus,PROPN,w-salutem,Case=accusative|Gender=feminine|Number=singular,,,,,,,,,,,,,,,,,,,,,,,,,,,,,,,,,
Sanctianus,tsha0001-6,Sanctianus,PROPN,w-sanctianus,None,,,y,m,other,Sanctianus,,,,,,,,,,,,,,,,,,,,,,,,,,,
sancto,caes0683-1,sanctus,ADJ,w-sancto,Case=ablative|Gender=masculine|Number=singular,,,,,,,,,,,,,,,,,,,,,,,,,,,,,y,holy,,,
Sarapidem,megi0002-20,Sarapis,PROPN,w-sarapidem,None,y,Sarapis,,,,,,,,,,,,,,,,,,,,,,,,,,,,,,,
Sarmatico,maay0001-22,Sarmaticus,PROPN,w-sarmatico,None,,,,,,,,,,,,,y,Sarmatian,,,,,,,,,,,,,,,,,,,
secundi,caes0146-27,secundus,ADJ,w-secundi,Case=nominative|Gender=masculine|Number=plural,,,,,,,,,,,,,,,y,heir,,,,,,,,,,,,,,,,,
semper,"bshe0006-12, bshe0006-24",semper,ADV,w-semper,None,,,,,,,,,,,,,,,,,,,,,,,,,,,,,,,,,
Semproniano,caes0107-8,Sempronianum,PROPN,w-semproniano,None,,,y,m,other,Sempronianum,,,,,,,,,,,,,,,,,,,,,,,,,,,
septem,unkn0130-33,septem,NUM,w-septem,None,,,,,,,,,,,,,,,,,,,,,,,,,,,,,,,,,
servus,masa0834-1,seruus,NOUN,w-servus,None,,,,,,,,,,,,,,,y,slave,,,,,,,,,,,,,,,,,
severi,ashk0003a-9,seuerus,PROPN,w-severi,None,,,,,,,,,,,,,,,y,slave,,,,,,,,,,,,,,,,,
sevir,caes0122-2,seuir,NOUN,w-sevir,None,,,,,,,,y,government,sexvir,,,,,,,,,,,,,,,,,,,,,,,
Sexto,"caes0022-1, jeru0494-11",sextus,PROPN,w-sexto,Case=ablative|Gender=neuter|Number=singular,,,y,m,other,Sextus,,,,,,,,,,,,,,,,,,,,,,,,,,,
Sextus,"mare0401-1, mare0402-1, mare0403-1",sextus,PROPN,w-sextus,Case=nominative|Gender=masculine|Number=singular,,,y,m,other,Sextus,,,,,,,,,,,,,,,,,,,,,,,,,,,
singularibus,caes0031-14,singularis,ADJ,w-singularibus,Case=ablative|Gender=masculine|Number=plural,,,,,,,,,,,,,,,,,,,,,,,,,,,,,,,,,
situs,emma0001-19,situs,NOUN,w-situs,None,,,,,,,,,,,,,,,,,,,,,,,,,,,,,,,,,
spes,"caes0682-1, fiqg0002-1",spes,PROPN,w-spes,Case=accusative|Gender=feminine|Number=plural,,,,,,,,,,,,,,,,,,,,,,,,,,,,,,,,,
stipendia,unkn0130-78,stipendium,NOUN,w-stipendia,Case=nominative|Gender=neuter|Number=plural,,,,,,,,,,,,,,,,,,,,,,,,,,,y,financial,,,,,
stipendiorum,nabl0001-14,stipendium,NOUN,w-stipendiorum,Case=genitive|Gender=neuter|Number=plural,,,,,,,,,,,,,,,,,,,,,,,,,,,y,financial,,,,,
Stobis,nabl0001-9,Stos,PRON,w-stobis,None,,,y,m,other,Stobis,,,,,,,,,,,,,,,,,,,,,,,,,,,
strator,caes0007-9,strator,NOUN,w-strator,Case=nominative|Gender=masculine|Number=singular,,,,,,,,y,military,strator,y,rank,,,,,,,,,,,,,,,,,,,,,
sua,caes0037-5,suus,DET,w-sua,Case=nominative|Gender=neuter|Number=plural,,,,,,,,,,,,,,,,,,,,,,,,,,,,,,,,,
sub,unkn0130-70,sub,ADP,w-sub,None,,,,,,,,,,,,,,,,,,,,,,,,,,,,,,,,,
subscripta,unkn0130-85,subscribo,VERB,w-subscripta,Case=nominative|Gender=neuter|Mood=participle|Number=plural|Tense=perfect|Voice=passive,,,,,,,,,,,,,,,,,,,,,,,,,,,,,,,,,
sunt,"unkn0130-67, unkn0130-86",sum,VERB,w-sunt,Mood=indicative|Number=plural|Person=3rd|Tense=present|Voice=active,,,,,,,,,,,,,,,,,,,,,,,,,,,,,,,,,
suo,caes0037-7,suus,DET,w-suo,Case=ablative|Gender=neuter|Number=singular,,,,,,,,,,,,,,,,,,,,,,,,,,,,,,,,,
suo,caes0002-11,suo,NOUN,w-suo,Mood=indicative|Number=singular|Person=1st|Tense=present|Voice=active,,,,,,,,,,,,,,,,,,,,,,,,,,,,,,,,,
Suri,masa0948-3,syrii,PROPN,w-suri,None,,,,,,,,,,,,,,,,,y,Syria,https://pleiades.stoa.org/places/991407,,,,,,,,,,,,,,
Suriae,bshe0006-19,syria,PROPN,w-suriae,None,,,,,,,,,,,,,,,,,y,Syria,https://pleiades.stoa.org/places/991407,,,,,,,,,,,,,,
Symphorus,caes0146-24,Symphorus,PROPN,w-symphorus,None,,,y,m,other,Symphorus,,,,,,,,,,,,,,,,,,,,,,,,,,,
Syriae,"caes0018-8, caes0020-6, caes0022-6, caes0032-2, caes0033-4, caes0036-2, caes0351-1, yotv0001-23",syria,PROPN,w-syriae,None,,,,,,,,,,,,,,,,,y,Syria,https://pleiades.stoa.org/places/991407,,,,,,,,,,,,,,
templorum,maay0001-4,templum,NOUN,w-templorum,Case=genitive|Gender=neuter|Number=plural,,,,,,,,,,,,,,,,,,,,,,,,,,,y,building,y,temple,,,
templum,jeru0495-4,templum,NOUN,w-templum,Case=genitive|Gender=neuter|Number=plural,,,,,,,,,,,,,,,,,,,,,,,,,,,y,building,y,temple,,,
testamento,caes0044-7,testamentum,NOUN,w-testamento,Case=ablative|Gender=neuter|Number=singular,,,,,,,,,,,,,,,,,,,,,,,,,,,y,financial,,,,,
Theodoru,caes0517-1,Theodorus,PROPN,w-theodoru,None,,,y,m,other,Christian,,,,,,,,,,,,,,,,,,,,,,,,,,,
Theophilo,caes0010-18,theophilus,PROPN,w-theophilo,None,,,y,m,other,Christian,,,,,,,,,,,,,,,,,,,,,,,,,,,
Thraciae,caes0035-1,Thracia,PROPN,w-thraciae,None,,,,,,,,,,,y,unitname,y,Thracia,,,,,,,,,,,,,,,,,,,
Thracum,"unkn0130-37, unkn0130-58",thraces,PROPN,w-thracum,None,,,,,,,,,,,y,unitname,y,Thracia,,,,,,,,,,,,,,,,,,,
Tiberianus,caes0148-5,Tiberianus,PROPN,w-tiberianus,None,,,y,m,other,Tiberius,,,,,,,,,,,,,,,,,,,,,,,,,,,
Tiberieum,caes0043-2,Tiberieus,PROPN,w-tiberieum,None,,,,,,,,,,,,,,,,,y,building,,,,,,,,,,,y,Tibereium,,,
Tiberio,"caes0021-1, caes0145-1",tiberius,PROPN,w-tiberio,None,,,y,m,other,Tiberius,,,,,,,,,,,,,,,,,,,,,,,,,,,
Timesitheo,caes0007-3,Timesitheus,PROPN,w-timesitheo,None,,,y,m,other,Timesthius,,,,,,,,,,,,,,,,,,,,,,,,,,,
Titiae,caes0161-1,Titiae,PROPN,w-titiae,None,,,y,m,other,Titus,,,,,,,,,,,,,,,,,,,,,,,,,,,
Titiano,caes0018-3,titianus,PROPN,w-titiano,None,,,y,m,other,Titianus,,,,,,,,,,,,,,,,,,,,,,,,,,,
Tito,"achz0001-18, caes0002-1, jeru0497-3, unkn0130-71",titus,PROPN,w-tito,None,,,y,m,other,Titus,,,,,,,,,,,,,,,,,,,,,,,,,,,
Titus,"jeru0491-6, jeru0494-6",titus,PROPN,w-titus,None,,,y,m,other,Titus,,,,,,,,,,,,,,,,,,,,,,,,,,,
Traianae,caes0047-9,Traianus,ADJ,w-traianae,None,,,y,m,other,Traianus,,,,,,,,,,,,,,,,,,,,,,,,,,,
Traiani,"cape0001-4, jeru0554-4, tsha0002-4",Traianus,PROPN,w-traiani,None,,,y,m,other,Traianus,,,,,,,,,,,,,,,,,,,,,,,,,,,
Traiano,"caes0045-2, caes0047-3, caes0049-3, caes0053-2, jeru0554-10, tsha0002-10",Traianum,PROPN,w-traiano,None,,,y,m,other,Traianus,,,,,,,,,,,,,,,,,,,,,,,,,,,
Traianus,"caes0051-3, caes0052-3, caes0054-3, cape0001-10",traianus,PROPN,w-traianus,None,,,y,m,other,Traianus,,,,,,,,,,,,,,,,,,,,,,,,,,,
tranquillitati,caes0009-23,tranquillitas,NOUN,w-tranquillitati,Case=dative|Gender=feminine|Number=singular,,,,,,,,,,,,,,,,,,,,,,,,,,,,,,,,,
tribunicia,"achz0001-10, caes0027-14, caes0107-15, jeru0554-15, tsha0002-15, unkn0130-11, unkn0131-15",tribunicius,ADJ,w-tribunicia,Case=nominative|Gender=neuter|Number=plural,,,,,,,,y,"government, military",tribune,y,rank,,,,,,,,,,,,,,,,,,,,,
tribuniciae,ashk0003a-19,tribunicius,ADJ,w-tribuniciae,Case=nominative|Gender=feminine|Number=plural,,,,,,,,y,"government, military",tribune,y,rank,,,,,,,,,,,,,,,,,,,,,
tudo,caes0062-6,tudo,NOUN,w-tudo,None,,,,,,,,,,,,,,,,,,,,,,,,,,,,,,,,,
uxori,caes0161-4,uxor,NOUN,w-uxori,Case=dative|Gender=feminine|Number=singular,,,,,,,,,,,,,,,y,wife,,,,,,,,,,,,,,,,,
Valens,nabl0001-21,ualens,PROPN,w-valens,None,,,y,m,other,Valens,,,,,,,,,,,,,,,,,,,,,,,,,,,
Valentinae,caes0148-1,ualentina,PROPN,w-valentinae,None,,,y,f,other,Valentia,,,,,,,,,,,,,,,,,,,,,,,,,,,
Valeriano,caes0009-10,Valerianus,PROPN,w-valeriano,None,,,y,m,other,Valerianus,,,,,,,,,,,,,,,,,,,,,,,,,,,
Valerio,"ashk0003b-5, ashk0003b-10, bshe0006-8, caes0006-4, caes0010-1, caes0014-7, caes0017-7",ualerius,PROPN,w-valerio,None,,,y,m,other,Valerius,,,,,,,,,,,,,,,,,,,,,,,,,,,
Valerius,"bshe0006-15, nabl0001-4, nabl0001-20",ualerius,PROPN,w-valerius,None,,,y,m,other,Valerius,,,,,,,,,,,,,,,,,,,,,,,,,,,
vere,megi0002-3,uere,ADV,w-vere,None,,,,,,,,,,,,,,,,,,,,,,,,,,,,,,,,,
Vero,"caes0106-5, caes0106-14, kara0001-5, kara0001-14",uero,ADV,w-vero,None,,,y,m,other,Verius,,,,,,,,,,,,,,,,,,,,,,,,,,,
Vespasiani,"achz0001-4, jeru0494-8, unkn0130-4",uespasianus,PROPN,w-vespasiani,None,,,y,m,other,Vespasianus,,,,,,,,,,,,,,,,,,,,,,,,,,,
Vespasiano,caes0027-3,uespasianus,PROPN,w-vespasiano,None,,,y,m,other,Vespasianus,,,,,,,,,,,,,,,,,,,,,,,,,,,
Vespasianus,"jeru0491-3, jeru0491-8, jeru0494-3",uespasianus,PROPN,w-vespasianus,None,,,y,m,other,Vespasianus,,,,,,,,,,,,,,,,,,,,,,,,,,,
veterana,unkn0130-40,ueteranus,ADJ,w-veterana,None,,,,,,,,,,,y,veteran,,,,,,,,,,,,,,,,,,,,,
vexillatio,"caes0045-5, caes0047-6, caes0049-6, caes0053-5",vexillatio,NOUN,w-vexillatio,Case=nominative|Gender=feminine|Number=singular,,,,,,,,,,,y,vexillation,,,,,,,,,,,,,,,,,,,,,
vexillationem,"caes0051-8, caes0052-8, caes0054-7",vexillatio,NOUN,w-vexillationem,Case=accusative|Gender=feminine|Number=singular,,,,,,,,,,,y,vexillation,,,,,,,,,,,,,,,,,,,,,
viae,caes0035-9,uia,NOUN,w-viae,None,,,,,,,,,,,,,,,,,,,,,,,,,,,y,travel,,,,,
vias,"ashk0003a-21, unkn0131-25",uia,NOUN,w-vias,None,,,,,,,,,,,,,,,,,,,,,,,,,,,y,travel,,,,,
vicena,unkn0130-77,uicenus,ADJ,w-vicena,None,,,,,,,,,,,,,,,,,,,,,,,,,,,,,,,,,
Victorinus,caes0020-10,Victorinus,NOUN,w-victorinus,None,,,y,m,other,Victorinus,,,,,,,,,,,,,,,,,,,,,,,,,,,
victoriosissimoque,caes0009-4,victoriosissimum,NOUN,w-victoriosissimoque,None,,,,,,,,,,,,,,,,,,,,,,,,,,,,,,,,,
vir,"caes0006-11, caes0009-18, caes0014-16, caes0017-16",uir,NOUN,w-vir,None,,,,,,,,,,,,,,,,,,,,,,,,,,,,,,,,,
viro,"caes0010-3, caes0011-3, caes0037-3",uir,NOUN,w-viro,None,,,,,,,,,,,,,,,,,,,,,,,,,,,,,,,,,
vixit,nabl0001-16,uigesco,VERB,w-vixit,None,,,,,,,,,,,,,,,,,,,,,,,,,,,,,,,,,
vixit,"emma0001-12, nabl0002-7",uiuo,VERB,w-vixit,None,,,,,,,,,,,,,,,,,,,,,,,,,,,,,y,offering,,,
vota,maay0001-33,uotum,NOUN,w-vota,None,,,,,,,,,,,,,,,,,,,,,,,,,,,,,y,offering,,,
votum,haif0020a-2,votus,ADJ,w-votum,None,,,,,,,,,,,,,,,,,,,,,,,,,,,,,,,,,